run_file,dataset,backbone,mode,n,acceptance_rate,answer_accuracy,mean_prompt_tokens,mean_completion_tokens,mean_total_tokens,mean_latency_query_ms,mean_latency_accepted_ms,generation_ms,certificate_ms,replay_ms,verifier_ms,baseline_total_tokens,token_overhead_ratio_vs_posthoc
run_00c17b99.jsonl,medmcqa,google/flan-t5-base,pcg_full,10,1.0,0.1,84.8,1.0,85.8,52.657520803040825,52.657520803040825,52.54337090300396,0.0,0.028054098947905004,0.007645797450095415,85.8,1.0
run_1893108d.jsonl,medmcqa,google/flan-t5-base,baseline_multiagent_no_cert,10,1.0,0.1,84.8,1.0,85.8,50.64787469455041,50.64787469455041,50.63118749822024,0.0,0.0,0.016687196330167353,85.8,1.0
run_1d83c544.jsonl,medmcqa,google/flan-t5-base,baseline_lightweight_citation,10,1.0,0.1,84.8,1.0,85.8,51.160449991584755,51.160449991584755,51.14344169560354,0.0,0.0,0.01700829598121345,85.8,1.0
run_50b7fde3.jsonl,medmcqa,google/flan-t5-base,baseline_posthoc_verify,10,1.0,0.1,84.8,1.0,85.8,51.581171006546356,51.581171006546356,51.56480430450756,0.0,0.0,0.016366702038794756,85.8,1.0
run_7eee4e28.jsonl,medmcqa,google/flan-t5-base,pcg_full,20,1.0,0.15,81.3,1.0,82.3,44.69021890545264,44.69021890545264,44.58264384884387,0.0,0.027135503478348255,0.006164451770018786,85.8,0.9592074592074592
run_c128fc29.jsonl,medmcqa,google/flan-t5-base,pcg_full,20,1.0,0.15,81.3,1.0,82.3,49.01606679341057,49.01606679341057,48.910231301852036,0.0,0.02744579396676272,0.005750099080614746,85.8,0.9592074592074592
run_cf7da0dc.jsonl,medqa,google/flan-t5-base,pcg_full,20,1.0,0.3,226.05,1.0,227.05,55.98704199655913,55.98704199655913,55.88543959893286,0.0,0.025293951330240816,0.005858400254510343,,
run_e472c057.jsonl,medmcqa,google/flan-t5-base,baseline_selective,10,1.0,0.1,84.8,1.0,85.8,51.87864969775546,51.87864969775546,51.8618580972543,0.0,0.0,0.016791600501164794,85.8,1.0
