{
  "aggregated": [
    {
      "backend": "mock-llm",
      "config": "baseline_no_pcg",
      "phases": {
        "llm_gen": {
          "ms_mean": 1.4239062128278117,
          "tokens_mean": 597.8333333333334
        }
      },
      "tokens_per_claim_ci": [
        588.25,
        606.8
      ],
      "tokens_per_claim_mean": 597.8333333333334,
      "wall_ms_per_claim_ci": [
        0.3574875241611153,
        3.5629438352771103
      ],
      "wall_ms_per_claim_mean": 1.426468069742744
    },
    {
      "backend": "mock-llm",
      "config": "pcg_k1",
      "phases": {
        "prover_commit_evidence": {
          "ms_mean": 0.07664300501346588,
          "tokens_mean": 0.0
        },
        "prover_contract": {
          "ms_mean": 0.016402759744475286,
          "tokens_mean": 0.0
        },
        "prover_llm_gen": {
          "ms_mean": 0.332187438228478,
          "tokens_mean": 660.9333333333334
        },
        "prover_pipeline": {
          "ms_mean": 0.01855972222983837,
          "tokens_mean": 0.0
        },
        "prover_retrieval": {
          "ms_mean": 0.3044944431167096,
          "tokens_mean": 0.0
        },
        "prover_setup": {
          "ms_mean": 0.004216048788900177,
          "tokens_mean": 0.0
        },
        "verifier": {
          "ms_mean": 0.01934033934958279,
          "tokens_mean": 0.0
        }
      },
      "tokens_per_claim_ci": [
        652.35,
        665.85
      ],
      "tokens_per_claim_mean": 660.9333333333334,
      "wall_ms_per_claim_ci": [
        0.679047912126407,
        0.9046499326359481
      ],
      "wall_ms_per_claim_mean": 0.8272881833060334
    },
    {
      "backend": "mock-llm",
      "config": "pcg_k2",
      "phases": {
        "prover_commit_evidence": {
          "ms_mean": 0.127391666561986,
          "tokens_mean": 0.0
        },
        "prover_contract": {
          "ms_mean": 0.013261880182350675,
          "tokens_mean": 0.0
        },
        "prover_llm_gen": {
          "ms_mean": 0.5581179556126395,
          "tokens_mean": 1321.8666666666668
        },
        "prover_pipeline": {
          "ms_mean": 0.02891946933232248,
          "tokens_mean": 0.0
        },
        "prover_retrieval": {
          "ms_mean": 0.5317604809533805,
          "tokens_mean": 0.0
        },
        "prover_setup": {
          "ms_mean": 0.006261192417393128,
          "tokens_mean": 0.0
        },
        "verifier": {
          "ms_mean": 0.034799320080007114,
          "tokens_mean": 0.0
        }
      },
      "tokens_per_claim_ci": [
        1304.7,
        1331.7
      ],
      "tokens_per_claim_mean": 1321.8666666666668,
      "wall_ms_per_claim_ci": [
        1.2488792359363288,
        1.467823050916195
      ],
      "wall_ms_per_claim_mean": 1.3781771956322093
    },
    {
      "backend": "mock-llm",
      "config": "pcg_k4",
      "phases": {
        "prover_commit_evidence": {
          "ms_mean": 0.23676720447838306,
          "tokens_mean": 0.0
        },
        "prover_contract": {
          "ms_mean": 0.026336987502872944,
          "tokens_mean": 0.0
        },
        "prover_llm_gen": {
          "ms_mean": 1.0188229149207473,
          "tokens_mean": 2643.7333333333336
        },
        "prover_pipeline": {
          "ms_mean": 0.05431475195412835,
          "tokens_mean": 0.0
        },
        "prover_retrieval": {
          "ms_mean": 0.9660470396435509,
          "tokens_mean": 0.0
        },
        "prover_setup": {
          "ms_mean": 0.011701249362279972,
          "tokens_mean": 0.0
        },
        "verifier": {
          "ms_mean": 0.06061950310443839,
          "tokens_mean": 0.0
        }
      },
      "tokens_per_claim_ci": [
        2609.4,
        2663.4
      ],
      "tokens_per_claim_mean": 2643.7333333333336,
      "wall_ms_per_claim_ci": [
        2.4762978486251086,
        2.5505730358418077
      ],
      "wall_ms_per_claim_mean": 2.5166382237027087
    }
  ],
  "per_seed": [
    {
      "per_combo": [
        {
          "backend": "mock-llm",
          "config": "baseline_no_pcg",
          "k": 1,
          "n_examples": 20,
          "phases": {
            "llm_gen": {
              "ms": 71.20295765344054,
              "n": 20,
              "tok_in": 11346,
              "tok_out": 790
            }
          },
          "tokens_per_claim": 606.8,
          "wall_ms_per_claim": 3.5629438352771103,
          "wall_ms_total": 71.2588767055422
        },
        {
          "backend": "mock-llm",
          "config": "pcg_k1",
          "k": 1,
          "n_examples": 20,
          "phases": {
            "prover_commit_evidence": {
              "ms": 1.254709088243544,
              "n": 20,
              "tok_in": 0,
              "tok_out": 0
            },
            "prover_contract": {
              "ms": 0.13362220488488674,
              "n": 20,
              "tok_in": 0,
              "tok_out": 0
            },
            "prover_llm_gen": {
              "ms": 5.509290378540754,
              "n": 20,
              "tok_in": 12493,
              "tok_out": 799
            },
            "prover_pipeline": {
              "ms": 0.3320001997053623,
              "n": 20,
              "tok_in": 0,
              "tok_out": 0
            },
            "prover_retrieval": {
              "ms": 5.137751926667988,
              "n": 20,
              "tok_in": 0,
              "tok_out": 0
            },
            "prover_setup": {
              "ms": 0.07637683302164078,
              "n": 20,
              "tok_in": 0,
              "tok_out": 0
            },
            "verifier": {
              "ms": 0.298377126455307,
              "n": 20,
              "tok_in": 0,
              "tok_out": 0
            }
          },
          "tokens_per_claim": 664.6,
          "wall_ms_per_claim": 0.679047912126407,
          "wall_ms_total": 13.58095824252814
        },
        {
          "backend": "mock-llm",
          "config": "pcg_k2",
          "k": 2,
          "n_examples": 20,
          "phases": {
            "prover_commit_evidence": {
              "ms": 2.2639164235442877,
              "n": 40,
              "tok_in": 0,
              "tok_out": 0
            },
            "prover_contract": {
              "ms": 0.24454365484416485,
              "n": 40,
              "tok_in": 0,
              "tok_out": 0
            },
            "prover_llm_gen": {
              "ms": 10.222791694104671,
              "n": 40,
              "tok_in": 24986,
              "tok_out": 1598
            },
            "prover_pipeline": {
              "ms": 0.5184182664379478,
              "n": 40,
              "tok_in": 0,
              "tok_out": 0
            },
            "prover_retrieval": {
              "ms": 9.690915932878852,
              "n": 40,
              "tok_in": 0,
              "tok_out": 0
            },
            "prover_setup": {
              "ms": 0.11345930397510529,
              "n": 40,
              "tok_in": 0,
              "tok_out": 0
            },
            "verifier": {
              "ms": 0.5589136853814125,
              "n": 40,
              "tok_in": 0,
              "tok_out": 0
            }
          },
          "tokens_per_claim": 1329.2,
          "wall_ms_per_claim": 1.2488792359363288,
          "wall_ms_total": 24.977584718726575
        },
        {
          "backend": "mock-llm",
          "config": "pcg_k4",
          "k": 4,
          "n_examples": 20,
          "phases": {
            "prover_commit_evidence": {
              "ms": 4.519539303146303,
              "n": 80,
              "tok_in": 0,
              "tok_out": 0
            },
            "prover_contract": {
              "ms": 0.5331739084795117,
              "n": 80,
              "tok_in": 0,
              "tok_out": 0
            },
            "prover_llm_gen": {
              "ms": 20.232421229593456,
              "n": 80,
              "tok_in": 49972,