{
  "per_combo": [
    {
      "backend": "mock-llm",
      "config": "baseline_no_pcg",
      "k": 1,
      "n_examples": 20,
      "phases": {
        "llm_gen": {
          "ms": 71.20295765344054,
          "n": 20,
          "tok_in": 11346,
          "tok_out": 790
        }
      },
      "tokens_per_claim": 606.8,
      "wall_ms_per_claim": 3.5629438352771103,
      "wall_ms_total": 71.2588767055422
    },
    {
      "backend": "mock-llm",
      "config": "pcg_k1",
      "k": 1,
      "n_examples": 20,
      "phases": {
        "prover_commit_evidence": {
          "ms": 1.254709088243544,
          "n": 20,
          "tok_in": 0,
          "tok_out": 0
        },
        "prover_contract": {
          "ms": 0.13362220488488674,
          "n": 20,
          "tok_in": 0,
          "tok_out": 0
        },
        "prover_llm_gen": {
          "ms": 5.509290378540754,
          "n": 20,
          "tok_in": 12493,
          "tok_out": 799
        },
        "prover_pipeline": {
          "ms": 0.3320001997053623,
          "n": 20,
          "tok_in": 0,
          "tok_out": 0
        },
        "prover_retrieval": {
          "ms": 5.137751926667988,
          "n": 20,
          "tok_in": 0,
          "tok_out": 0
        },
        "prover_setup": {
          "ms": 0.07637683302164078,
          "n": 20,
          "tok_in": 0,
          "tok_out": 0
        },
        "verifier": {
          "ms": 0.298377126455307,
          "n": 20,
          "tok_in": 0,
          "tok_out": 0
        }
      },
      "tokens_per_claim": 664.6,
      "wall_ms_per_claim": 0.679047912126407,
      "wall_ms_total": 13.58095824252814
    },
    {
      "backend": "mock-llm",
      "config": "pcg_k2",
      "k": 2,
      "n_examples": 20,
      "phases": {
        "prover_commit_evidence": {
          "ms": 2.2639164235442877,
          "n": 40,
          "tok_in": 0,
          "tok_out": 0
        },
        "prover_contract": {
          "ms": 0.24454365484416485,
          "n": 40,
          "tok_in": 0,
          "tok_out": 0
        },
        "prover_llm_gen": {
          "ms": 10.222791694104671,
          "n": 40,
          "tok_in": 24986,
          "tok_out": 1598
        },
        "prover_pipeline": {
          "ms": 0.5184182664379478,
          "n": 40,
          "tok_in": 0,
          "tok_out": 0
        },
        "prover_retrieval": {
          "ms": 9.690915932878852,
          "n": 40,
          "tok_in": 0,
          "tok_out": 0
        },
        "prover_setup": {
          "ms": 0.11345930397510529,
          "n": 40,
          "tok_in": 0,
          "tok_out": 0
        },
        "verifier": {
          "ms": 0.5589136853814125,
          "n": 40,
          "tok_in": 0,
          "tok_out": 0
        }
      },
      "tokens_per_claim": 1329.2,
      "wall_ms_per_claim": 1.2488792359363288,
      "wall_ms_total": 24.977584718726575
    },
    {
      "backend": "mock-llm",
      "config": "pcg_k4",
      "k": 4,
      "n_examples": 20,
      "phases": {
        "prover_commit_evidence": {
          "ms": 4.519539303146303,
          "n": 80,
          "tok_in": 0,
          "tok_out": 0
        },
        "prover_contract": {
          "ms": 0.5331739084795117,
          "n": 80,
          "tok_in": 0,
          "tok_out": 0
        },
        "prover_llm_gen": {
          "ms": 20.232421229593456,
          "n": 80,
          "tok_in": 49972,
          "tok_out": 3196
        },
        "prover_pipeline": {
          "ms": 1.0618328815326095,
          "n": 80,
          "tok_in": 0,
          "tok_out": 0
        },
        "prover_retrieval": {
          "ms": 18.957870663143694,
          "n": 80,
          "tok_in": 0,
          "tok_out": 0
        },
        "prover_setup": {
          "ms": 0.22807915229350328,
          "n": 80,
          "tok_in": 0,
          "tok_out": 0
        },
        "verifier": {
          "ms": 1.1358805932104588,
          "n": 80,
          "tok_in": 0,
          "tok_out": 0
        }
      },
      "tokens_per_claim": 2658.4,
      "wall_ms_per_claim": 2.4762978486251086,
      "wall_ms_total": 49.52595697250217
    }
  ],
  "seed": 0
}