{
  "per_combo": [
    {
      "backend": "mock-llm",
      "config": "baseline_no_pcg",
      "k": 1,
      "n_examples": 20,
      "phases": {
        "llm_gen": {
          "ms": 7.132789120078087,
          "n": 20,
          "tok_in": 11115,
          "tok_out": 854
        }
      },
      "tokens_per_claim": 598.45,
      "wall_ms_per_claim": 0.3589728497900069,
      "wall_ms_total": 7.1794569958001375
    },
    {
      "backend": "mock-llm",
      "config": "pcg_k1",
      "k": 1,
      "n_examples": 20,
      "phases": {
        "prover_commit_evidence": {
          "ms": 1.67153833899647,
          "n": 20,
          "tok_in": 0,
          "tok_out": 0
        },
        "prover_contract": {
          "ms": 0.1828738022595644,
          "n": 20,
          "tok_in": 0,
          "tok_out": 0
        },
        "prover_llm_gen": {
          "ms": 7.43758084718138,
          "n": 20,
          "tok_in": 12586,
          "tok_out": 731
        },
        "prover_pipeline": {
          "ms": 0.39250124245882034,
          "n": 20,
          "tok_in": 0,
          "tok_out": 0
        },
        "prover_retrieval": {
          "ms": 6.568164564669132,
          "n": 20,
          "tok_in": 0,
          "tok_out": 0
        },
        "prover_setup": {
          "ms": 0.08858426008373499,
          "n": 20,
          "tok_in": 0,
          "tok_out": 0
        },
        "verifier": {
          "ms": 0.4282098961994052,
          "n": 20,
          "tok_in": 0,
          "tok_out": 0
        }
      },
      "tokens_per_claim": 665.85,
      "wall_ms_per_claim": 0.8981667051557451,
      "wall_ms_total": 17.963334103114903
    },
    {
      "backend": "mock-llm",
      "config": "pcg_k2",
      "k": 2,
      "n_examples": 20,
      "phases": {
        "prover_commit_evidence": {
          "ms": 2.7270454447716475,
          "n": 40,
          "tok_in": 0,
          "tok_out": 0
        },
        "prover_contract": {
          "ms": 0.2788329729810357,
          "n": 40,
          "tok_in": 0,
          "tok_out": 0
        },
        "prover_llm_gen": {
          "ms": 11.881079990416765,
          "n": 40,
          "tok_in": 25172,
          "tok_out": 1462
        },
        "prover_pipeline": {
          "ms": 0.6041250890120864,
          "n": 40,
          "tok_in": 0,
          "tok_out": 0
        },
        "prover_retrieval": {
          "ms": 11.219335137866437,
          "n": 40,
          "tok_in": 0,
          "tok_out": 0
        },
        "prover_setup": {
          "ms": 0.13162498362362385,
          "n": 40,
          "tok_in": 0,
          "tok_out": 0
        },
        "verifier": {
          "ms": 0.8403359679505229,
          "n": 40,
          "tok_in": 0,
          "tok_out": 0
        }
      },
      "tokens_per_claim": 1331.7,
      "wall_ms_per_claim": 1.467823050916195,
      "wall_ms_total": 29.3564610183239
    },
    {
      "backend": "mock-llm",
      "config": "pcg_k4",
      "k": 4,
      "n_examples": 20,
      "phases": {
        "prover_commit_evidence": {
          "ms": 4.865247057750821,
          "n": 80,
          "tok_in": 0,
          "tok_out": 0
        },
        "prover_contract": {
          "ms": 0.5040462128818035,
          "n": 80,
          "tok_in": 0,
          "tok_out": 0
        },
        "prover_llm_gen": {
          "ms": 20.571499946527183,
          "n": 80,
          "tok_in": 50344,
          "tok_out": 2924
        },
        "prover_pipeline": {
          "ms": 1.0568754514679313,
          "n": 80,
          "tok_in": 0,
          "tok_out": 0
        },
        "prover_retrieval": {
          "ms": 19.736163201741874,
          "n": 80,
          "tok_in": 0,
          "tok_out": 0
        },
        "prover_setup": {
          "ms": 0.23929274175316095,
          "n": 80,
          "tok_in": 0,
          "tok_out": 0
        },
        "verifier": {
          "ms": 1.222337014041841,
          "n": 80,
          "tok_in": 0,
          "tok_out": 0
        }
      },
      "tokens_per_claim": 2663.4,
      "wall_ms_per_claim": 2.5505730358418077,
      "wall_ms_total": 51.011460716836154
    }
  ],
  "seed": 1
}