{
  "aggregated": [
    {
      "backend": "mock-llm",
      "config": "baseline_no_pcg",
      "phases": {
        "llm_gen": {
          "ms_mean": 1.3725875488792856,
          "tokens_mean": 597.8333333333334
        }
      },
      "tokens_per_claim_ci": [
        588.25,
        606.8
      ],
      "tokens_per_claim_mean": 597.8333333333334,
      "wall_ms_per_claim_ci": [
        0.3613645036239177,
        3.3950228826142848
      ],
      "wall_ms_per_claim_mean": 1.3750812116389473
    },
    {
      "backend": "mock-llm",
      "config": "pcg_k1",
      "phases": {
        "prover_commit_evidence": {
          "ms_mean": 0.07376454886980355,
          "tokens_mean": 0.0
        },
        "prover_contract": {
          "ms_mean": 0.007769488729536533,
          "tokens_mean": 0.0
        },
        "prover_llm_gen": {
          "ms_mean": 0.329756304078425,
          "tokens_mean": 660.9333333333334
        },
        "prover_pipeline": {
          "ms_mean": 0.01697639818303287,
          "tokens_mean": 0.0
        },
        "prover_retrieval": {
          "ms_mean": 0.30165286734700203,
          "tokens_mean": 0.0
        },
        "prover_setup": {
          "ms_mean": 0.0040242312631259365,
          "tokens_mean": 0.0
        },
        "verifier": {
          "ms_mean": 0.018352819218610723,
          "tokens_mean": 0.0
        }
      },
      "tokens_per_claim_ci": [
        652.35,
        665.85
      ],
      "tokens_per_claim_mean": 660.9333333333334,
      "wall_ms_per_claim_ci": [
        0.6424833554774523,
        0.8802918309811503
      ],
      "wall_ms_per_claim_mean": 0.7999868772458285
    },
    {
      "backend": "mock-llm",
      "config": "pcg_k2",
      "phases": {
        "prover_commit_evidence": {
          "ms_mean": 0.12900702034433684,
          "tokens_mean": 0.0
        },
        "prover_contract": {
          "ms_mean": 0.013151978297779957,
          "tokens_mean": 0.0
        },
        "prover_llm_gen": {
          "ms_mean": 0.5509312478049347,
          "tokens_mean": 1321.8666666666668
        },
        "prover_pipeline": {
          "ms_mean": 0.02850274710605542,
          "tokens_mean": 0.0
        },
        "prover_retrieval": {
          "ms_mean": 0.5326868093106896,
          "tokens_mean": 0.0
        },
        "prover_setup": {
          "ms_mean": 0.006355504350115855,
          "tokens_mean": 0.0
        },
        "verifier": {
          "ms_mean": 0.0344875268638134,
          "tokens_mean": 0.0
        }
      },
      "tokens_per_claim_ci": [
        1304.7,
        1331.7
      ],
      "tokens_per_claim_mean": 1321.8666666666668,
      "wall_ms_per_claim_ci": [
        1.2458833458367735,
        1.4478166587650776
      ],
      "wall_ms_per_claim_mean": 1.3700076514699806
    },
    {
      "backend": "mock-llm",
      "config": "pcg_k4",
      "phases": {
        "prover_commit_evidence": {
          "ms_mean": 0.23302161522830525,
          "tokens_mean": 0.0
        },
        "prover_contract": {
          "ms_mean": 0.024543006050710876,
          "tokens_mean": 0.0
        },
        "prover_llm_gen": {
          "ms_mean": 0.9916556203582635,
          "tokens_mean": 2643.7333333333336
        },
        "prover_pipeline": {
          "ms_mean": 0.05219219407687584,
          "tokens_mean": 0.0
        },
        "prover_retrieval": {
          "ms_mean": 0.9487721467545877,
          "tokens_mean": 0.0
        },
        "prover_setup": {
          "ms_mean": 0.011246620366970697,
          "tokens_mean": 0.0
        },
        "verifier": {
          "ms_mean": 0.06031998782418668,
          "tokens_mean": 0.0
        }
      },
      "tokens_per_claim_ci": [
        2609.4,
        2663.4
      ],
      "tokens_per_claim_mean": 2643.7333333333336,
      "wall_ms_per_claim_ci": [
        2.3922729422338307,
        2.4964103882666677
      ],
      "wall_ms_per_claim_mean": 2.450522941459591
    }
  ],
  "per_seed": [
    {
      "per_combo": [
        {
          "backend": "mock-llm",
          "config": "baseline_no_pcg",
          "k": 1,
          "n_examples": 20,
          "phases": {
            "llm_gen": {
              "ms": 67.85395881161094,
              "n": 20,
              "tok_in": 11346,
              "tok_out": 790
            }
          },
          "tokens_per_claim": 606.8,
          "wall_ms_per_claim": 3.3950228826142848,
          "wall_ms_total": 67.9004576522857
        },
        {
          "backend": "mock-llm",
          "config": "pcg_k1",
          "k": 1,
          "n_examples": 20,
          "phases": {
            "prover_commit_evidence": {
              "ms": 1.1647470528259873,
              "n": 20,
              "tok_in": 0,
              "tok_out": 0
            },
            "prover_contract": {
              "ms": 0.1319999573752284,
              "n": 20,
              "tok_in": 0,
              "tok_out": 0
            },
            "prover_llm_gen": {
              "ms": 5.214085918851197,
              "n": 20,
              "tok_in": 12493,
              "tok_out": 799
            },
            "prover_pipeline": {
              "ms": 0.3049998776987195,
              "n": 20,
              "tok_in": 0,
              "tok_out": 0
            },
            "prover_retrieval": {
              "ms": 4.929462214931846,
              "n": 20,
              "tok_in": 0,
              "tok_out": 0
            },
            "prover_setup": {
              "ms": 0.06724719423800707,
              "n": 20,
              "tok_in": 0,
              "tok_out": 0
            },
            "verifier": {
              "ms": 0.28499914333224297,
              "n": 20,
              "tok_in": 0,
              "tok_out": 0
            }
          },
          "tokens_per_claim": 664.6,
          "wall_ms_per_claim": 0.6424833554774523,
          "wall_ms_total": 12.849667109549046
        },
        {
          "backend": "mock-llm",
          "config": "pcg_k2",
          "k": 2,
          "n_examples": 20,
          "phases": {
            "prover_commit_evidence": {
              "ms": 2.2620820673182607,
              "n": 40,
              "tok_in": 0,
              "tok_out": 0
            },
            "prover_contract": {
              "ms": 0.24303782265633345,
              "n": 40,
              "tok_in": 0,
              "tok_out": 0
            },
            "prover_llm_gen": {
              "ms": 9.98149998486042,
              "n": 40,
              "tok_in": 24986,
              "tok_out": 1598
            },
            "prover_pipeline": {
              "ms": 0.5228354129940271,
              "n": 40,
              "tok_in": 0,
              "tok_out": 0
            },
            "prover_retrieval": {
              "ms": 9.836290730163455,
              "n": 40,
              "tok_in": 0,
              "tok_out": 0
            },
            "prover_setup": {
              "ms": 0.11828960850834846,
              "n": 40,
              "tok_in": 0,
              "tok_out": 0
            },
            "verifier": {
              "ms": 0.5452919285744429,
              "n": 40,
              "tok_in": 0,
              "tok_out": 0
            }
          },
          "tokens_per_claim": 1329.2,
          "wall_ms_per_claim": 1.2458833458367735,
          "wall_ms_total": 24.91766691673547
        },
        {
          "backend": "mock-llm",
          "config": "pcg_k4",
          "k": 4,
          "n_examples": 20,
          "phases": {
            "prover_commit_evidence": {
              "ms": 4.4798803282901645,
              "n": 80,
              "tok_in": 0,
              "tok_out": 0
            },
            "prover_contract": {
              "ms": 0.48604130279272795,
              "n": 80,
              "tok_in": 0,
              "tok_out": 0
            },
            "prover_llm_gen": {
              "ms": 19.519207766279578,
              "n": 80,
              "tok_in": 49972,