{
  "per_combo": [
    {
      "backend": "mock-llm",
      "config": "baseline_no_pcg",
      "k": 1,
      "n_examples": 20,
      "phases": {
        "llm_gen": {
          "ms": 67.85395881161094,
          "n": 20,
          "tok_in": 11346,
          "tok_out": 790
        }
      },
      "tokens_per_claim": 606.8,
      "wall_ms_per_claim": 3.3950228826142848,
      "wall_ms_total": 67.9004576522857
    },
    {
      "backend": "mock-llm",
      "config": "pcg_k1",
      "k": 1,
      "n_examples": 20,
      "phases": {
        "prover_commit_evidence": {
          "ms": 1.1647470528259873,
          "n": 20,
          "tok_in": 0,
          "tok_out": 0
        },
        "prover_contract": {
          "ms": 0.1319999573752284,
          "n": 20,
          "tok_in": 0,
          "tok_out": 0
        },
        "prover_llm_gen": {
          "ms": 5.214085918851197,
          "n": 20,
          "tok_in": 12493,
          "tok_out": 799
        },
        "prover_pipeline": {
          "ms": 0.3049998776987195,
          "n": 20,
          "tok_in": 0,
          "tok_out": 0
        },
        "prover_retrieval": {
          "ms": 4.929462214931846,
          "n": 20,
          "tok_in": 0,
          "tok_out": 0
        },
        "prover_setup": {
          "ms": 0.06724719423800707,
          "n": 20,
          "tok_in": 0,
          "tok_out": 0
        },
        "verifier": {
          "ms": 0.28499914333224297,
          "n": 20,
          "tok_in": 0,
          "tok_out": 0
        }
      },
      "tokens_per_claim": 664.6,
      "wall_ms_per_claim": 0.6424833554774523,
      "wall_ms_total": 12.849667109549046
    },
    {
      "backend": "mock-llm",
      "config": "pcg_k2",
      "k": 2,
      "n_examples": 20,
      "phases": {
        "prover_commit_evidence": {
          "ms": 2.2620820673182607,
          "n": 40,
          "tok_in": 0,
          "tok_out": 0
        },
        "prover_contract": {
          "ms": 0.24303782265633345,
          "n": 40,
          "tok_in": 0,
          "tok_out": 0
        },
        "prover_llm_gen": {
          "ms": 9.98149998486042,
          "n": 40,
          "tok_in": 24986,
          "tok_out": 1598
        },
        "prover_pipeline": {
          "ms": 0.5228354129940271,
          "n": 40,
          "tok_in": 0,
          "tok_out": 0
        },
        "prover_retrieval": {
          "ms": 9.836290730163455,
          "n": 40,
          "tok_in": 0,
          "tok_out": 0
        },
        "prover_setup": {
          "ms": 0.11828960850834846,
          "n": 40,
          "tok_in": 0,
          "tok_out": 0
        },
        "verifier": {
          "ms": 0.5452919285744429,
          "n": 40,
          "tok_in": 0,
          "tok_out": 0
        }
      },
      "tokens_per_claim": 1329.2,
      "wall_ms_per_claim": 1.2458833458367735,
      "wall_ms_total": 24.91766691673547
    },
    {
      "backend": "mock-llm",
      "config": "pcg_k4",
      "k": 4,
      "n_examples": 20,
      "phases": {
        "prover_commit_evidence": {
          "ms": 4.4798803282901645,
          "n": 80,
          "tok_in": 0,
          "tok_out": 0
        },
        "prover_contract": {
          "ms": 0.48604130279272795,
          "n": 80,
          "tok_in": 0,
          "tok_out": 0
        },
        "prover_llm_gen": {
          "ms": 19.519207766279578,
          "n": 80,
          "tok_in": 49972,
          "tok_out": 3196
        },
        "prover_pipeline": {
          "ms": 1.0288790799677372,
          "n": 80,
          "tok_in": 0,
          "tok_out": 0
        },
        "prover_retrieval": {
          "ms": 18.459413084201515,
          "n": 80,
          "tok_in": 0,
          "tok_out": 0
        },
        "prover_setup": {
          "ms": 0.22200390230864286,
          "n": 80,
          "tok_in": 0,
          "tok_out": 0
        },
        "verifier": {
          "ms": 1.1023330735042691,
          "n": 80,
          "tok_in": 0,
          "tok_out": 0
        }
      },
      "tokens_per_claim": 2658.4,
      "wall_ms_per_claim": 2.3922729422338307,
      "wall_ms_total": 47.845458844676614
    }
  ],
  "seed": 0
}