{
  "aggregated": [
    {
      "backend": "mock-llm",
      "config": "baseline_no_pcg",
      "phases": {
        "llm_gen": {
          "ms_mean": 1.3789896329399198,
          "tokens_mean": 597.8333333333334
        }
      },
      "tokens_per_claim_ci": [
        588.25,
        606.8
      ],
      "tokens_per_claim_mean": 597.8333333333334,
      "wall_ms_per_claim_ci": [
        0.3463019907940179,
        3.442237456329167
      ],
      "wall_ms_per_claim_mean": 1.3814194205527504
    },
    {
      "backend": "mock-llm",
      "config": "pcg_k1",
      "phases": {
        "prover_commit_evidence": {
          "ms_mean": 0.0702180996692429,
          "tokens_mean": 0.0
        },
        "prover_contract": {
          "ms_mean": 0.007813905055324236,
          "tokens_mean": 0.0
        },
        "prover_llm_gen": {
          "ms_mean": 0.30862433874669176,
          "tokens_mean": 660.9333333333334
        },
        "prover_pipeline": {
          "ms_mean": 0.017743778880685568,
          "tokens_mean": 0.0
        },
        "prover_retrieval": {
          "ms_mean": 0.2882312420600404,
          "tokens_mean": 0.0
        },
        "prover_setup": {
          "ms_mean": 0.004170058916012446,
          "tokens_mean": 0.0
        },
        "verifier": {
          "ms_mean": 0.01850283200231691,
          "tokens_mean": 0.0
        }
      },
      "tokens_per_claim_ci": [
        652.35,
        665.85
      ],
      "tokens_per_claim_mean": 660.9333333333334,
      "wall_ms_per_claim_ci": [
        0.6548271921928972,
        0.8307832467835397
      ],
      "wall_ms_per_claim_mean": 0.7649187134423604
    },
    {
      "backend": "mock-llm",
      "config": "pcg_k2",
      "phases": {
        "prover_commit_evidence": {
          "ms_mean": 0.12908340237724283,
          "tokens_mean": 0.0
        },
        "prover_contract": {
          "ms_mean": 0.013659725664183497,
          "tokens_mean": 0.0
        },
        "prover_llm_gen": {
          "ms_mean": 0.553625732815514,
          "tokens_mean": 1321.8666666666668
        },
        "prover_pipeline": {
          "ms_mean": 0.029520907749732334,
          "tokens_mean": 0.0
        },
        "prover_retrieval": {
          "ms_mean": 0.5360179444930205,
          "tokens_mean": 0.0
        },
        "prover_setup": {
          "ms_mean": 0.006625669387479623,
          "tokens_mean": 0.0
        },
        "verifier": {
          "ms_mean": 0.03708181708740691,
          "tokens_mean": 0.0
        }
      },
      "tokens_per_claim_ci": [
        1304.7,
        1331.7
      ],
      "tokens_per_claim_mean": 1321.8666666666668,
      "wall_ms_per_claim_ci": [
        1.2278667360078543,
        1.5167643956374377
      ],
      "wall_ms_per_claim_mean": 1.3882965101705242
    },
    {
      "backend": "mock-llm",
      "config": "pcg_k4",
      "phases": {
        "prover_commit_evidence": {
          "ms_mean": 0.2446090472706904,
          "tokens_mean": 0.0
        },
        "prover_contract": {
          "ms_mean": 0.026261732758333284,
          "tokens_mean": 0.0
        },
        "prover_llm_gen": {
          "ms_mean": 1.043788737539823,
          "tokens_mean": 2643.7333333333336
        },
        "prover_pipeline": {
          "ms_mean": 0.05549319127264122,
          "tokens_mean": 0.0
        },
        "prover_retrieval": {
          "ms_mean": 0.9824263397604227,
          "tokens_mean": 0.0
        },
        "prover_setup": {
          "ms_mean": 0.011911961094786724,
          "tokens_mean": 0.0
        },
        "verifier": {
          "ms_mean": 0.06522295880131423,
          "tokens_mean": 0.0
        }
      },
      "tokens_per_claim_ci": [
        2609.4,
        2663.4
      ],
      "tokens_per_claim_mean": 2643.7333333333336,
      "wall_ms_per_claim_ci": [
        2.4464273010380566,
        2.713160403072834
      ],
      "wall_ms_per_claim_mean": 2.574311897236233
    }
  ],
  "per_seed": [
    {
      "per_combo": [
        {
          "backend": "mock-llm",
          "config": "baseline_no_pcg",
          "k": 1,
          "n_examples": 20,
          "phases": {
            "llm_gen": {
              "ms": 68.79725190810859,
              "n": 20,
              "tok_in": 11346,
              "tok_out": 790
            }
          },
          "tokens_per_claim": 606.8,
          "wall_ms_per_claim": 3.442237456329167,
          "wall_ms_total": 68.84474912658334
        },
        {
          "backend": "mock-llm",
          "config": "pcg_k1",
          "k": 1,
          "n_examples": 20,
          "phases": {
            "prover_commit_evidence": {
              "ms": 1.2075831182301044,
              "n": 20,
              "tok_in": 0,
              "tok_out": 0
            },
            "prover_contract": {
              "ms": 0.13162614777684212,
              "n": 20,
              "tok_in": 0,
              "tok_out": 0
            },
            "prover_llm_gen": {
              "ms": 5.231709219515324,
              "n": 20,
              "tok_in": 12493,
              "tok_out": 799
            },
            "prover_pipeline": {
              "ms": 0.3172933356836438,
              "n": 20,
              "tok_in": 0,
              "tok_out": 0
            },
            "prover_retrieval": {
              "ms": 5.047876853495836,
              "n": 20,
              "tok_in": 0,
              "tok_out": 0
            },
            "prover_setup": {
              "ms": 0.0711631728336215,
              "n": 20,
              "tok_in": 0,
              "tok_out": 0
            },
            "verifier": {
              "ms": 0.30153989791870117,
              "n": 20,
              "tok_in": 0,
              "tok_out": 0
            }
          },
          "tokens_per_claim": 664.6,
          "wall_ms_per_claim": 0.6548271921928972,
          "wall_ms_total": 13.096543843857944
        },
        {
          "backend": "mock-llm",
          "config": "pcg_k2",
          "k": 2,
          "n_examples": 20,
          "phases": {
            "prover_commit_evidence": {
              "ms": 2.297499682754278,
              "n": 40,
              "tok_in": 0,
              "tok_out": 0
            },
            "prover_contract": {
              "ms": 0.25054230354726315,
              "n": 40,
              "tok_in": 0,
              "tok_out": 0
            },
            "prover_llm_gen": {
              "ms": 9.78245958685875,
              "n": 40,
              "tok_in": 24986,
              "tok_out": 1598
            },
            "prover_pipeline": {
              "ms": 0.5390023579820991,
              "n": 40,
              "tok_in": 0,
              "tok_out": 0
            },
            "prover_retrieval": {
              "ms": 9.639749769121408,
              "n": 40,
              "tok_in": 0,
              "tok_out": 0
            },
            "prover_setup": {
              "ms": 0.11529214680194855,
              "n": 40,
              "tok_in": 0,
              "tok_out": 0
            },
            "verifier": {
              "ms": 0.5554971285164356,
              "n": 40,
              "tok_in": 0,
              "tok_out": 0
            }
          },
          "tokens_per_claim": 1329.2,
          "wall_ms_per_claim": 1.2278667360078543,
          "wall_ms_total": 24.557334720157087
        },
        {
          "backend": "mock-llm",
          "config": "pcg_k4",
          "k": 4,
          "n_examples": 20,
          "phases": {
            "prover_commit_evidence": {
              "ms": 4.705913714133203,
              "n": 80,
              "tok_in": 0,
              "tok_out": 0
            },
            "prover_contract": {
              "ms": 0.49883301835507154,
              "n": 80,
              "tok_in": 0,
              "tok_out": 0
            },
            "prover_llm_gen": {
              "ms": 19.9165812227875,
              "n": 80,
              "tok_in": 49972,