{
  "per_combo": [
    {
      "backend": "mock-llm",
      "config": "baseline_no_pcg",
      "k": 1,
      "n_examples": 20,
      "phases": {
        "llm_gen": {
          "ms": 7.058626040816307,
          "n": 20,
          "tok_in": 11115,
          "tok_out": 854
        }
      },
      "tokens_per_claim": 598.45,
      "wall_ms_per_claim": 0.3557188145350665,
      "wall_ms_total": 7.11437629070133
    },
    {
      "backend": "mock-llm",
      "config": "pcg_k1",
      "k": 1,
      "n_examples": 20,
      "phases": {
        "prover_commit_evidence": {
          "ms": 1.4408749993890524,
          "n": 20,
          "tok_in": 0,
          "tok_out": 0
        },
        "prover_contract": {
          "ms": 0.17562275752425194,
          "n": 20,
          "tok_in": 0,
          "tok_out": 0
        },
        "prover_llm_gen": {
          "ms": 6.605040980502963,
          "n": 20,
          "tok_in": 12586,
          "tok_out": 731
        },
        "prover_pipeline": {
          "ms": 0.3917922731488943,
          "n": 20,
          "tok_in": 0,
          "tok_out": 0
        },
        "prover_retrieval": {
          "ms": 5.866498686373234,
          "n": 20,
          "tok_in": 0,
          "tok_out": 0
        },
        "prover_setup": {
          "ms": 0.09487511124461889,
          "n": 20,
          "tok_in": 0,
          "tok_out": 0
        },
        "verifier": {
          "ms": 0.410000910051167,
          "n": 20,
          "tok_in": 0,
          "tok_out": 0
        }
      },
      "tokens_per_claim": 665.85,
      "wall_ms_per_claim": 0.8091457013506442,
      "wall_ms_total": 16.182914027012885
    },
    {
      "backend": "mock-llm",
      "config": "pcg_k2",
      "k": 2,
      "n_examples": 20,
      "phases": {
        "prover_commit_evidence": {
          "ms": 2.7342919493094087,
          "n": 40,
          "tok_in": 0,
          "tok_out": 0
        },
        "prover_contract": {
          "ms": 0.29225123580545187,
          "n": 40,
          "tok_in": 0,
          "tok_out": 0
        },
        "prover_llm_gen": {
          "ms": 12.281542643904686,
          "n": 40,
          "tok_in": 25172,
          "tok_out": 1462
        },
        "prover_pipeline": {
          "ms": 0.6204596720635891,
          "n": 40,
          "tok_in": 0,
          "tok_out": 0
        },
        "prover_retrieval": {
          "ms": 11.499580112285912,
          "n": 40,
          "tok_in": 0,
          "tok_out": 0
        },
        "prover_setup": {
          "ms": 0.14533312059938908,
          "n": 40,
          "tok_in": 0,
          "tok_out": 0
        },
        "verifier": {
          "ms": 0.8726620581001043,
          "n": 40,
          "tok_in": 0,
          "tok_out": 0
        }
      },
      "tokens_per_claim": 1331.7,
      "wall_ms_per_claim": 1.5167643956374377,
      "wall_ms_total": 30.335287912748754
    },
    {
      "backend": "mock-llm",
      "config": "pcg_k4",
      "k": 4,
      "n_examples": 20,
      "phases": {
        "prover_commit_evidence": {
          "ms": 5.140545079484582,
          "n": 80,
          "tok_in": 0,
          "tok_out": 0
        },
        "prover_contract": {
          "ms": 0.566580449230969,
          "n": 80,
          "tok_in": 0,
          "tok_out": 0
        },
        "prover_llm_gen": {
          "ms": 21.98933286126703,
          "n": 80,
          "tok_in": 50344,
          "tok_out": 2924
        },
        "prover_pipeline": {
          "ms": 1.1532928328961134,
          "n": 80,
          "tok_in": 0,
          "tok_out": 0
        },
        "prover_retrieval": {
          "ms": 20.43829287867993,
          "n": 80,
          "tok_in": 0,
          "tok_out": 0
        },
        "prover_setup": {
          "ms": 0.2515423111617565,
          "n": 80,
          "tok_in": 0,
          "tok_out": 0
        },
        "verifier": {
          "ms": 1.4306314988061786,
          "n": 80,
          "tok_in": 0,
          "tok_out": 0
        }
      },
      "tokens_per_claim": 2663.4,
      "wall_ms_per_claim": 2.713160403072834,
      "wall_ms_total": 54.26320806145668
    }
  ],
  "seed": 1
}