{
  "per_combo": [
    {
      "backend": "mock-llm",
      "config": "baseline_no_pcg",
      "k": 1,
      "n_examples": 20,
      "phases": {
        "llm_gen": {
          "ms": 8.455415605567396,
          "n": 20,
          "tok_in": 10934,
          "tok_out": 831
        }
      },
      "tokens_per_claim": 588.25,
      "wall_ms_per_claim": 0.42559163994155824,
      "wall_ms_total": 8.511832798831165
    },
    {
      "backend": "mock-llm",
      "config": "pcg_k1",
      "k": 1,
      "n_examples": 20,
      "phases": {
        "prover_commit_evidence": {
          "ms": 1.7965839942917228,
          "n": 20,
          "tok_in": 0,
          "tok_out": 0
        },
        "prover_contract": {
          "ms": 0.18949992954730988,
          "n": 20,
          "tok_in": 0,
          "tok_out": 0
        },
        "prover_llm_gen": {
          "ms": 7.975126965902746,
          "n": 20,
          "tok_in": 12200,
          "tok_out": 847
        },
        "prover_pipeline": {
          "ms": 0.42287586256861687,
          "n": 20,
          "tok_in": 0,
          "tok_out": 0
        },
        "prover_retrieval": {
          "ms": 7.365247816778719,
          "n": 20,
          "tok_in": 0,
          "tok_out": 0
        },
        "prover_setup": {
          "ms": 0.09516288992017508,
          "n": 20,
          "tok_in": 0,
          "tok_out": 0
        },
        "verifier": {
          "ms": 0.47024828381836414,
          "n": 20,
          "tok_in": 0,
          "tok_out": 0
        }
      },
      "tokens_per_claim": 652.35,
      "wall_ms_per_claim": 0.9787207061890513,
      "wall_ms_total": 19.574414123781025
    },
    {
      "backend": "mock-llm",
      "config": "pcg_k2",
      "k": 2,
      "n_examples": 20,
      "phases": {
        "prover_commit_evidence": {
          "ms": 2.5816623819991946,
          "n": 40,
          "tok_in": 0,
          "tok_out": 0
        },
        "prover_contract": {
          "ms": 0.26416510809212923,
          "n": 40,
          "tok_in": 0,
          "tok_out": 0
        },
        "prover_llm_gen": {
          "ms": 11.116168810985982,
          "n": 40,
          "tok_in": 24400,
          "tok_out": 1694
        },
        "prover_pipeline": {
          "ms": 0.5981669528409839,
          "n": 40,
          "tok_in": 0,
          "tok_out": 0
        },
        "prover_retrieval": {
          "ms": 10.48129249829799,
          "n": 40,
          "tok_in": 0,
          "tok_out": 0
        },
        "prover_setup": {
          "ms": 0.1248304033651948,
          "n": 40,
          "tok_in": 0,
          "tok_out": 0
        },
        "verifier": {
          "ms": 0.6874158279970288,
          "n": 40,
          "tok_in": 0,
          "tok_out": 0
        }
      },
      "tokens_per_claim": 1304.7,
      "wall_ms_per_claim": 1.3693000131752342,
      "wall_ms_total": 27.386000263504684
    },
    {
      "backend": "mock-llm",
      "config": "pcg_k4",
      "k": 4,
      "n_examples": 20,
      "phases": {
        "prover_commit_evidence": {
          "ms": 4.724039928987622,
          "n": 80,
          "tok_in": 0,
          "tok_out": 0
        },
        "prover_contract": {
          "ms": 0.4929997958242893,
          "n": 80,
          "tok_in": 0,
          "tok_out": 0
        },
        "prover_llm_gen": {
          "ms": 19.88771080505103,
          "n": 80,
          "tok_in": 48800,
          "tok_out": 3388
        },
        "prover_pipeline": {
          "ms": 1.1043313425034285,
          "n": 80,
          "tok_in": 0,
          "tok_out": 0
        },
        "prover_retrieval": {
          "ms": 18.97704286966473,
          "n": 80,
          "tok_in": 0,
          "tok_out": 0
        },
        "prover_setup": {
          "ms": 0.22445910144597292,
          "n": 80,
          "tok_in": 0,
          "tok_out": 0
        },
        "verifier": {
          "ms": 1.2252925662323833,
          "n": 80,
          "tok_in": 0,
          "tok_out": 0
        }
      },
      "tokens_per_claim": 2609.4,
      "wall_ms_per_claim": 2.4633895547594875,
      "wall_ms_total": 49.26779109518975
    }
  ],
  "seed": 2
}