{
  "aggregated": [
    {
      "backend": "mock-llm",
      "config": "baseline_no_pcg",
      "phases": {
        "llm_gen": {
          "ms_mean": 1.4405048297097285,
          "tokens_mean": 597.8333333333334
        }
      },
      "tokens_per_claim_ci": [
        588.25,
        606.8
      ],
      "tokens_per_claim_mean": 597.8333333333334,
      "wall_ms_per_claim_ci": [
        0.3951625316403806,
        3.493050060933456
      ],
      "wall_ms_per_claim_mean": 1.443266007117927
    },
    {
      "backend": "mock-llm",
      "config": "pcg_k1",
      "phases": {
        "prover_commit_evidence": {
          "ms_mean": 0.07982566797484954,
          "tokens_mean": 0.0
        },
        "prover_contract": {
          "ms_mean": 0.00845072790980339,
          "tokens_mean": 0.0
        },
        "prover_llm_gen": {
          "ms_mean": 0.3605125336131702,
          "tokens_mean": 660.9333333333334
        },
        "prover_pipeline": {
          "ms_mean": 0.019193013819555443,
          "tokens_mean": 0.0
        },
        "prover_retrieval": {
          "ms_mean": 0.31857367721386254,
          "tokens_mean": 0.0
        },
        "prover_setup": {
          "ms_mean": 0.004363139548028509,
          "tokens_mean": 0.0
        },
        "verifier": {
          "ms_mean": 0.020556250819936395,
          "tokens_mean": 0.0
        }
      },
      "tokens_per_claim_ci": [
        652.35,
        665.85
      ],
      "tokens_per_claim_mean": 660.9333333333334,
      "wall_ms_per_claim_ci": [
        0.7107208599336445,
        0.998585345223546
      ],
      "wall_ms_per_claim_mean": 0.8706472018578401
    },
    {
      "backend": "mock-llm",
      "config": "pcg_k2",
      "phases": {
        "prover_commit_evidence": {
          "ms_mean": 0.1306388391337047,
          "tokens_mean": 0.0
        },
        "prover_contract": {
          "ms_mean": 0.0132340375178804,
          "tokens_mean": 0.0
        },
        "prover_llm_gen": {
          "ms_mean": 0.5587687036798646,
          "tokens_mean": 1321.8666666666668
        },
        "prover_pipeline": {
          "ms_mean": 0.028901886738215882,
          "tokens_mean": 0.0
        },
        "prover_retrieval": {
          "ms_mean": 0.5301000569791844,
          "tokens_mean": 0.0
        },
        "prover_setup": {
          "ms_mean": 0.0066285293238858385,
          "tokens_mean": 0.0
        },
        "verifier": {
          "ms_mean": 0.03453813260421157,
          "tokens_mean": 0.0
        }
      },
      "tokens_per_claim_ci": [
        1304.7,
        1331.7
      ],
      "tokens_per_claim_mean": 1321.8666666666668,
      "wall_ms_per_claim_ci": [
        1.3498458138201386,
        1.40861039981246
      ],
      "wall_ms_per_claim_mean": 1.3853263517376035
    },
    {
      "backend": "mock-llm",
      "config": "pcg_k4",
      "phases": {
        "prover_commit_evidence": {
          "ms_mean": 0.2480479384151598,
          "tokens_mean": 0.0
        },
        "prover_contract": {
          "ms_mean": 0.02679300378076732,
          "tokens_mean": 0.0
        },
        "prover_llm_gen": {
          "ms_mean": 1.0757395473774523,
          "tokens_mean": 2643.7333333333336
        },
        "prover_pipeline": {
          "ms_mean": 0.058140380618472896,
          "tokens_mean": 0.0
        },
        "prover_retrieval": {
          "ms_mean": 1.001742264876763,
          "tokens_mean": 0.0
        },
        "prover_setup": {
          "ms_mean": 0.01226594322361052,
          "tokens_mean": 0.0
        },
        "verifier": {
          "ms_mean": 0.06349370426808794,
          "tokens_mean": 0.0
        }
      },
      "tokens_per_claim_ci": [
        2609.4,
        2663.4
      ],
      "tokens_per_claim_mean": 2643.7333333333336,
      "wall_ms_per_claim_ci": [
        2.6080707437358797,
        2.659506245981902
      ],
      "wall_ms_per_claim_mean": 2.63539509420904
    }
  ],
  "per_seed": [
    {
      "per_combo": [
        {
          "backend": "mock-llm",
          "config": "baseline_no_pcg",
          "k": 1,
          "n_examples": 20,
          "phases": {
            "llm_gen": {
              "ms": 69.80504165403545,
              "n": 20,
              "tok_in": 11346,
              "tok_out": 790
            }
          },
          "tokens_per_claim": 606.8,
          "wall_ms_per_claim": 3.493050060933456,
          "wall_ms_total": 69.86100121866912
        },
        {
          "backend": "mock-llm",
          "config": "pcg_k1",
          "k": 1,
          "n_examples": 20,
          "phases": {
            "prover_commit_evidence": {
              "ms": 1.3390000676736236,
              "n": 20,
              "tok_in": 0,
              "tok_out": 0
            },
            "prover_contract": {
              "ms": 0.13928988482803106,
              "n": 20,
              "tok_in": 0,
              "tok_out": 0
            },
            "prover_llm_gen": {
              "ms": 5.801039980724454,
              "n": 20,
              "tok_in": 12493,
              "tok_out": 799
            },
            "prover_pipeline": {
              "ms": 0.3432061057537794,
              "n": 20,
              "tok_in": 0,
              "tok_out": 0
            },
            "prover_retrieval": {
              "ms": 5.250998889096081,
              "n": 20,
              "tok_in": 0,
              "tok_out": 0
            },
            "prover_setup": {
              "ms": 0.07754203397780657,
              "n": 20,
              "tok_in": 0,
              "tok_out": 0
            },
            "verifier": {
              "ms": 0.3316650399938226,
              "n": 20,
              "tok_in": 0,
              "tok_out": 0
            }
          },
          "tokens_per_claim": 664.6,
          "wall_ms_per_claim": 0.7107208599336445,
          "wall_ms_total": 14.21441719867289
        },
        {
          "backend": "mock-llm",
          "config": "pcg_k2",
          "k": 2,
          "n_examples": 20,
          "phases": {
            "prover_commit_evidence": {
              "ms": 2.666913904249668,
              "n": 40,
              "tok_in": 0,
              "tok_out": 0
            },
            "prover_contract": {
              "ms": 0.25604222901165485,
              "n": 40,
              "tok_in": 0,
              "tok_out": 0
            },
            "prover_llm_gen": {
              "ms": 10.940499021671712,
              "n": 40,
              "tok_in": 24986,
              "tok_out": 1598
            },
            "prover_pipeline": {
              "ms": 0.5510401679202914,
              "n": 40,
              "tok_in": 0,
              "tok_out": 0
            },
            "prover_retrieval": {
              "ms": 10.374250821769238,
              "n": 40,
              "tok_in": 0,
              "tok_out": 0
            },
            "prover_setup": {
              "ms": 0.13083359226584435,
              "n": 40,
              "tok_in": 0,
              "tok_out": 0
            },
            "verifier": {
              "ms": 0.5667912773787975,
              "n": 40,
              "tok_in": 0,
              "tok_out": 0
            }
          },
          "tokens_per_claim": 1329.2,
          "wall_ms_per_claim": 1.3498458138201386,
          "wall_ms_total": 26.99691627640277
        },
        {
          "backend": "mock-llm",
          "config": "pcg_k4",
          "k": 4,
          "n_examples": 20,
          "phases": {
            "prover_commit_evidence": {
              "ms": 4.91120689548552,
              "n": 80,
              "tok_in": 0,
              "tok_out": 0
            },
            "prover_contract": {
              "ms": 0.5159538704901934,
              "n": 80,
              "tok_in": 0,
              "tok_out": 0
            },
            "prover_llm_gen": {
              "ms": 21.395247778855264,
              "n": 80,
              "tok_in": 49972,