{
  "per_combo": [
    {
      "backend": "mock-llm",
      "config": "baseline_no_pcg",
      "k": 1,
      "n_examples": 20,
      "phases": {
        "llm_gen": {
          "ms": 7.845583255402744,
          "n": 20,
          "tok_in": 10934,
          "tok_out": 831
        }
      },
      "tokens_per_claim": 588.25,
      "wall_ms_per_claim": 0.3951625316403806,
      "wall_ms_total": 7.903250632807612
    },
    {
      "backend": "mock-llm",
      "config": "pcg_k1",
      "k": 1,
      "n_examples": 20,
      "phases": {
        "prover_commit_evidence": {
          "ms": 1.7186241457238793,
          "n": 20,
          "tok_in": 0,
          "tok_out": 0
        },
        "prover_contract": {
          "ms": 0.17296080477535725,
          "n": 20,
          "tok_in": 0,
          "tok_out": 0
        },
        "prover_llm_gen": {
          "ms": 7.280418882146478,
          "n": 20,
          "tok_in": 12200,
          "tok_out": 847
        },
        "prover_pipeline": {
          "ms": 0.39608078077435493,
          "n": 20,
          "tok_in": 0,
          "tok_out": 0
        },
        "prover_retrieval": {
          "ms": 6.779500981792808,
          "n": 20,
          "tok_in": 0,
          "tok_out": 0
        },
        "prover_setup": {
          "ms": 0.08924852591007948,
          "n": 20,
          "tok_in": 0,
          "tok_out": 0
        },
        "verifier": {
          "ms": 0.4271251382306218,
          "n": 20,
          "tok_in": 0,
          "tok_out": 0
        }
      },
      "tokens_per_claim": 652.35,
      "wall_ms_per_claim": 0.9026354004163295,
      "wall_ms_total": 18.05270800832659
    },
    {
      "backend": "mock-llm",
      "config": "pcg_k2",
      "k": 2,
      "n_examples": 20,
      "phases": {
        "prover_commit_evidence": {
          "ms": 2.595874131657183,
          "n": 40,
          "tok_in": 0,
          "tok_out": 0
        },
        "prover_contract": {
          "ms": 0.27983239851891994,
          "n": 40,
          "tok_in": 0,
          "tok_out": 0
        },
        "prover_llm_gen": {
          "ms": 11.227041366510093,
          "n": 40,
          "tok_in": 24400,
          "tok_out": 1694
        },
        "prover_pipeline": {
          "ms": 0.6275380728766322,
          "n": 40,
          "tok_in": 0,
          "tok_out": 0
        },
        "prover_retrieval": {
          "ms": 10.654170182533562,
          "n": 40,
          "tok_in": 0,
          "tok_out": 0
        },
        "prover_setup": {
          "ms": 0.14242040924727917,
          "n": 40,
          "tok_in": 0,
          "tok_out": 0
        },
        "verifier": {
          "ms": 0.83203858230263,
          "n": 40,
          "tok_in": 0,
          "tok_out": 0
        }
      },
      "tokens_per_claim": 1304.7,
      "wall_ms_per_claim": 1.40861039981246,
      "wall_ms_total": 28.1722079962492
    },
    {
      "backend": "mock-llm",
      "config": "pcg_k4",
      "k": 4,
      "n_examples": 20,
      "phases": {
        "prover_commit_evidence": {
          "ms": 5.052458378486335,
          "n": 80,
          "tok_in": 0,
          "tok_out": 0
        },
        "prover_contract": {
          "ms": 0.5250859539955854,
          "n": 80,
          "tok_in": 0,
          "tok_out": 0
        },
        "prover_llm_gen": {
          "ms": 21.469954284839332,
          "n": 80,
          "tok_in": 48800,
          "tok_out": 3388
        },
        "prover_pipeline": {
          "ms": 1.1544190347194672,
          "n": 80,
          "tok_in": 0,
          "tok_out": 0
        },
        "prover_retrieval": {
          "ms": 20.02562501002103,
          "n": 80,
          "tok_in": 0,
          "tok_out": 0
        },
        "prover_setup": {
          "ms": 0.2512880600988865,
          "n": 80,
          "tok_in": 0,
          "tok_out": 0
        },
        "verifier": {
          "ms": 1.3373695546761155,
          "n": 80,
          "tok_in": 0,
          "tok_out": 0
        }
      },
      "tokens_per_claim": 2609.4,
      "wall_ms_per_claim": 2.638608292909339,
      "wall_ms_total": 52.77216585818678
    }
  ],
  "seed": 2
}