{
  "per_combo": [
    {
      "backend": "mock-llm",
      "config": "baseline_no_pcg",
      "k": 1,
      "n_examples": 20,
      "phases": {
        "llm_gen": {
          "ms": 69.80504165403545,
          "n": 20,
          "tok_in": 11346,
          "tok_out": 790
        }
      },
      "tokens_per_claim": 606.8,
      "wall_ms_per_claim": 3.493050060933456,
      "wall_ms_total": 69.86100121866912
    },
    {
      "backend": "mock-llm",
      "config": "pcg_k1",
      "k": 1,
      "n_examples": 20,
      "phases": {
        "prover_commit_evidence": {
          "ms": 1.3390000676736236,
          "n": 20,
          "tok_in": 0,
          "tok_out": 0
        },
        "prover_contract": {
          "ms": 0.13928988482803106,
          "n": 20,
          "tok_in": 0,
          "tok_out": 0
        },
        "prover_llm_gen": {
          "ms": 5.801039980724454,
          "n": 20,
          "tok_in": 12493,
          "tok_out": 799
        },
        "prover_pipeline": {
          "ms": 0.3432061057537794,
          "n": 20,
          "tok_in": 0,
          "tok_out": 0
        },
        "prover_retrieval": {
          "ms": 5.250998889096081,
          "n": 20,
          "tok_in": 0,
          "tok_out": 0
        },
        "prover_setup": {
          "ms": 0.07754203397780657,
          "n": 20,
          "tok_in": 0,
          "tok_out": 0
        },
        "verifier": {
          "ms": 0.3316650399938226,
          "n": 20,
          "tok_in": 0,
          "tok_out": 0
        }
      },
      "tokens_per_claim": 664.6,
      "wall_ms_per_claim": 0.7107208599336445,
      "wall_ms_total": 14.21441719867289
    },
    {
      "backend": "mock-llm",
      "config": "pcg_k2",
      "k": 2,
      "n_examples": 20,
      "phases": {
        "prover_commit_evidence": {
          "ms": 2.666913904249668,
          "n": 40,
          "tok_in": 0,
          "tok_out": 0
        },
        "prover_contract": {
          "ms": 0.25604222901165485,
          "n": 40,
          "tok_in": 0,
          "tok_out": 0
        },
        "prover_llm_gen": {
          "ms": 10.940499021671712,
          "n": 40,
          "tok_in": 24986,
          "tok_out": 1598
        },
        "prover_pipeline": {
          "ms": 0.5510401679202914,
          "n": 40,
          "tok_in": 0,
          "tok_out": 0
        },
        "prover_retrieval": {
          "ms": 10.374250821769238,
          "n": 40,
          "tok_in": 0,
          "tok_out": 0
        },
        "prover_setup": {
          "ms": 0.13083359226584435,
          "n": 40,
          "tok_in": 0,
          "tok_out": 0
        },
        "verifier": {
          "ms": 0.5667912773787975,
          "n": 40,
          "tok_in": 0,
          "tok_out": 0
        }
      },
      "tokens_per_claim": 1329.2,
      "wall_ms_per_claim": 1.3498458138201386,
      "wall_ms_total": 26.99691627640277
    },
    {
      "backend": "mock-llm",
      "config": "pcg_k4",
      "k": 4,
      "n_examples": 20,
      "phases": {
        "prover_commit_evidence": {
          "ms": 4.91120689548552,
          "n": 80,
          "tok_in": 0,
          "tok_out": 0
        },
        "prover_contract": {
          "ms": 0.5159538704901934,
          "n": 80,
          "tok_in": 0,
          "tok_out": 0
        },
        "prover_llm_gen": {
          "ms": 21.395247778855264,
          "n": 80,
          "tok_in": 49972,
          "tok_out": 3196
        },
        "prover_pipeline": {
          "ms": 1.1127960169687867,
          "n": 80,
          "tok_in": 0,
          "tok_out": 0
        },
        "prover_retrieval": {
          "ms": 19.847410963848233,
          "n": 80,
          "tok_in": 0,
          "tok_out": 0
        },
        "prover_setup": {
          "ms": 0.2331261057406664,
          "n": 80,
          "tok_in": 0,
          "tok_out": 0
        },
        "verifier": {
          "ms": 1.1591706424951553,
          "n": 80,
          "tok_in": 0,
          "tok_out": 0
        }
      },
      "tokens_per_claim": 2658.4,
      "wall_ms_per_claim": 2.6080707437358797,
      "wall_ms_total": 52.16141487471759
    }
  ],
  "seed": 0
}