{
  "aggregated": {
    "1.0": {
      "always_answer": {
        "cost_ci": [
          21.5,
          52.34073180973345
        ],
        "cost_mean": 41.38904701506855,
        "harm_ci": [
          10.0,
          10.0
        ],
        "harm_mean": 10.0
      },
      "learned": {
        "cost_ci": [
          21.5,
          52.34073180973345
        ],
        "cost_mean": 41.38904701506855,
        "harm_ci": [
          10.0,
          10.0
        ],
        "harm_mean": 10.0
      },
      "threshold_pcg": {
        "cost_ci": [
          3.9500000000000006,
          5.0
        ],
        "cost_mean": 4.3,
        "harm_ci": [
          0.5,
          3.35
        ],
        "harm_mean": 2.4
      }
    },
    "3.0": {
      "always_answer": {
        "cost_ci": [
          43.35169914642339,
          63.9055408267897
        ],
        "cost_mean": 56.397728100615105,
        "harm_ci": [
          10.0,
          10.0
        ],
        "harm_mean": 10.0
      },
      "learned": {
        "cost_ci": [
          43.35169914642339,
          63.9055408267897
        ],
        "cost_mean": 56.397728100615105,
        "harm_ci": [
          10.0,
          10.0
        ],
        "harm_mean": 10.0
      },
      "threshold_pcg": {
        "cost_ci": [
          3.9500000000000006,
          5.0
        ],
        "cost_mean": 4.533333333333334,
        "harm_ci": [
          0.5,
          3.35
        ],
        "harm_mean": 1.7666666666666666
      }
    },
    "8.0": {
      "always_answer": {
        "cost_ci": [
          76.73582121381494,
          80.40251394508034
        ],
        "cost_mean": 78.05838638058201,
        "harm_ci": [
          10.0,
          10.0
        ],
        "harm_mean": 10.0
      },
      "learned": {
        "cost_ci": [
          76.73582121381494,
          80.40251394508034
        ],
        "cost_mean": 78.05838638058201,
        "harm_ci": [
          10.0,
          10.0
        ],
        "harm_mean": 10.0
      },
      "threshold_pcg": {
        "cost_ci": [
          5.0,
          5.0
        ],
        "cost_mean": 5.0,
        "harm_ci": [
          0.5,
          0.5
        ],
        "harm_mean": 0.5
      }
    },
    "inf": {
      "always_answer": {
        "cost_ci": [
          101.5,
          101.5
        ],
        "cost_mean": 101.5,
        "harm_ci": [
          10.0,
          10.0
        ],
        "harm_mean": 10.0
      },
      "learned": {
        "cost_ci": [
          101.5,
          101.5
        ],
        "cost_mean": 101.5,
        "harm_ci": [
          10.0,
          10.0
        ],
        "harm_mean": 10.0
      },
      "threshold_pcg": {
        "cost_ci": [
          5.0,
          5.0
        ],
        "cost_mean": 5.0,
        "harm_ci": [
          0.5,
          0.5
        ],
        "harm_mean": 0.5
      }
    }
  },
  "eps_values": [
    "inf",
    8.0,
    3.0,
    1.0
  ],
  "per_seed": [
    {
      "n_eval": 10,
      "per_eps": [
        {
          "eps": "inf",
          "policies": {
            "always_answer": {
              "cost_per_claim": 101.5,
              "harm_per_claim": 10.0,
              "n": 10
            },
            "learned": {
              "cost_per_claim": 101.5,
              "harm_per_claim": 10.0,
              "n": 10
            },
            "threshold_pcg": {
              "cost_per_claim": 5.0,
              "harm_per_claim": 0.5,
              "n": 10
            }
          }
        },
        {
          "eps": 8.0,
          "policies": {
            "always_answer": {
              "cost_per_claim": 80.40251394508034,
              "harm_per_claim": 10.0,
              "n": 10
            },
            "learned": {
              "cost_per_claim": 80.40251394508034,
              "harm_per_claim": 10.0,
              "n": 10
            },
            "threshold_pcg": {
              "cost_per_claim": 5.0,
              "harm_per_claim": 0.5,
              "n": 10
            }
          }
        },
        {
          "eps": 3.0,
          "policies": {
            "always_answer": {
              "cost_per_claim": 61.93594432863222,
              "harm_per_claim": 10.0,
              "n": 10
            },
            "learned": {
              "cost_per_claim": 61.93594432863222,
              "harm_per_claim": 10.0,
              "n": 10
            },
            "threshold_pcg": {
              "cost_per_claim": 3.95,
              "harm_per_claim": 3.35,
              "n": 10
            }
          }
        },
        {
          "eps": 1.0,
          "policies": {
            "always_answer": {
              "cost_per_claim": 50.326409235472205,
              "harm_per_claim": 10.0,
              "n": 10
            },
            "learned": {
              "cost_per_claim": 50.326409235472205,
              "harm_per_claim": 10.0,
              "n": 10
            },
            "threshold_pcg": {
              "cost_per_claim": 3.95,
              "harm_per_claim": 3.35,
              "n": 10
            }
          }
        }
      ],
      "seed": 0
    },
    {
      "n_eval": 10,
      "per_eps": [
        {
          "eps": "inf",
          "policies": {
            "always_answer": {
              "cost_per_claim": 101.5,
              "harm_per_claim": 10.0,
              "n": 10
            },
            "learned": {
              "cost_per_claim": 101.5,
              "harm_per_claim": 10.0,
              "n": 10
            },
            "threshold_pcg": {
              "cost_per_claim": 5.0,
              "harm_per_claim": 0.5,
              "n": 10
            }
          }
        },
        {
          "eps": 8.0,
          "policies": {
            "always_answer": {
              "cost_per_claim": 76.73582121381494,
              "harm_per_claim": 10.0,
              "n": 10
            },
            "learned": {
              "cost_per_claim": 76.73582121381494,
              "harm_per_claim": 10.0,
              "n": 10
            },
            "threshold_pcg": {
              "cost_per_claim": 5.0,
              "harm_per_claim": 0.5,
              "n": 10
            }
          }
        },
        {
          "eps": 3.0,
          "policies": {
            "always_answer": {
              "cost_per_claim": 43.3516991464234,
              "harm_per_claim": 10.0,
              "n": 10
            },
            "learned": {
              "cost_per_claim": 43.3516991464234,
              "harm_per_claim": 10.0,
              "n": 10
            },
            "threshold_pcg": {
              "cost_per_claim": 4.65,
              "harm_per_claim": 1.45,
              "n": 10
            }
          }
        },
        {
          "eps": 1.0,
          "policies": {
            "always_answer": {
              "cost_per_claim": 21.5,
              "harm_per_claim": 10.0,
              "n": 10
            },
            "learned": {
              "cost_per_claim": 21.5,
              "harm_per_claim": 10.0,
              "n": 10
            },
            "threshold_pcg": {
              "cost_per_claim": 3.95,
              "harm_per_claim": 3.35,
              "n": 10
            }
          }
        }
      ],
      "seed": 1
    },
    {
      "n_eval": 10,
      "per_eps": [
        {
          "eps": "inf",
          "policies": {
            "always_answer": {
              "cost_per_claim": 101.5,
              "harm_per_claim": 10.0,
              "n": 10
            },
            "learned": {
              "cost_per_claim": 101.5,
              "harm_per_claim": 10.0,
              "n": 10
            },
            "threshold_pcg": {
              "cost_per_claim": 5.0,
              "harm_per_claim": 0.5,
              "n": 10
            }
          }
        },
        {
          "eps": 8.0,
          "policies": {
            "always_answer": {
              "cost_per_claim": 77.03682398285072,
              "harm_per_claim": 10.0,