{
  "per_combo": [
    {
      "backend": "mock-llm",
      "config": "baseline_no_pcg",
      "k": 1,
      "n_examples": 100,
      "phases": {
        "llm_gen": {
          "ms": 28.077999071683735,
          "n": 100,
          "tok_in": 55238,
          "tok_out": 3927
        }
      },
      "tokens_per_claim": 591.65,
      "wall_ms_per_claim": 0.2821895474335179,
      "wall_ms_total": 28.218954743351787
    },
    {
      "backend": "mock-llm",
      "config": "pcg_k1",
      "k": 1,
      "n_examples": 100,
      "phases": {
        "prover_commit_evidence": {
          "ms": 6.085790111683309,
          "n": 100,
          "tok_in": 0,
          "tok_out": 0
        },
        "prover_contract": {
          "ms": 0.6360820261761546,
          "n": 100,
          "tok_in": 0,
          "tok_out": 0
        },
        "prover_llm_gen": {
          "ms": 25.49458690918982,
          "n": 100,
          "tok_in": 60521,
          "tok_out": 3929
        },
        "prover_pipeline": {
          "ms": 1.35066983057186,
          "n": 100,
          "tok_in": 0,
          "tok_out": 0
        },
        "prover_retrieval": {
          "ms": 25.506699574179947,
          "n": 100,
          "tok_in": 0,
          "tok_out": 0
        },
        "prover_setup": {
          "ms": 0.312131829559803,
          "n": 100,
          "tok_in": 0,
          "tok_out": 0
        },
        "verifier": {
          "ms": 1.2794958893209696,
          "n": 100,
          "tok_in": 0,
          "tok_out": 0
        }
      },
      "tokens_per_claim": 644.5,
      "wall_ms_per_claim": 0.6437033897964284,
      "wall_ms_total": 64.37033897964284
    },
    {
      "backend": "mock-llm",
      "config": "pcg_k2",
      "k": 2,
      "n_examples": 100,
      "phases": {
        "prover_commit_evidence": {
          "ms": 11.536918056663126,
          "n": 200,
          "tok_in": 0,
          "tok_out": 0
        },
        "prover_contract": {
          "ms": 1.220169069711119,
          "n": 200,
          "tok_in": 0,
          "tok_out": 0
        },
        "prover_llm_gen": {
          "ms": 47.99132782500237,
          "n": 200,
          "tok_in": 121042,
          "tok_out": 7858
        },
        "prover_pipeline": {
          "ms": 2.6140420814044774,
          "n": 200,
          "tok_in": 0,
          "tok_out": 0
        },
        "prover_retrieval": {
          "ms": 48.06503641884774,
          "n": 200,
          "tok_in": 0,
          "tok_out": 0
        },
        "prover_setup": {
          "ms": 0.5787869449704885,
          "n": 200,
          "tok_in": 0,
          "tok_out": 0
        },
        "verifier": {
          "ms": 2.49716971302405,
          "n": 200,
          "tok_in": 0,
          "tok_out": 0
        }
      },
      "tokens_per_claim": 1289.0,
      "wall_ms_per_claim": 1.2115158623782918,
      "wall_ms_total": 121.15158623782918
    },
    {
      "backend": "mock-llm",
      "config": "pcg_k4",
      "k": 4,
      "n_examples": 100,
      "phases": {
        "prover_commit_evidence": {
          "ms": 22.725096554495394,
          "n": 400,
          "tok_in": 0,
          "tok_out": 0
        },
        "prover_contract": {
          "ms": 2.4539660080336034,
          "n": 400,
          "tok_in": 0,
          "tok_out": 0
        },
        "prover_llm_gen": {
          "ms": 95.12492036446929,
          "n": 400,
          "tok_in": 242084,
          "tok_out": 15716
        },
        "prover_pipeline": {
          "ms": 5.197454185690731,
          "n": 400,
          "tok_in": 0,
          "tok_out": 0
        },
        "prover_retrieval": {
          "ms": 93.29258964862674,
          "n": 400,
          "tok_in": 0,
          "tok_out": 0
        },
        "prover_setup": {
          "ms": 1.1364159872755408,
          "n": 400,
          "tok_in": 0,
          "tok_out": 0
        },
        "verifier": {
          "ms": 4.944462387356907,
          "n": 400,
          "tok_in": 0,
          "tok_out": 0
        }
      },
      "tokens_per_claim": 2578.0,
      "wall_ms_per_claim": 2.3735066934023052,
      "wall_ms_total": 237.35066934023052
    }
  ],
  "seed": 4
}