{
  "per_combo": [
    {
      "backend": "mock-llm",
      "config": "baseline_no_pcg",
      "k": 1,
      "n_examples": 100,
      "phases": {
        "llm_gen": {
          "ms": 29.156377946492285,
          "n": 100,
          "tok_in": 52825,
          "tok_out": 3756
        }
      },
      "tokens_per_claim": 565.81,
      "wall_ms_per_claim": 0.2930824732175097,
      "wall_ms_total": 29.30824732175097
    },
    {
      "backend": "mock-llm",
      "config": "pcg_k1",
      "k": 1,
      "n_examples": 100,
      "phases": {
        "prover_commit_evidence": {
          "ms": 6.017830688506365,
          "n": 100,
          "tok_in": 0,
          "tok_out": 0
        },
        "prover_contract": {
          "ms": 0.6147475796751678,
          "n": 100,
          "tok_in": 0,
          "tok_out": 0
        },
        "prover_llm_gen": {
          "ms": 23.769916268065572,
          "n": 100,
          "tok_in": 57553,
          "tok_out": 4019
        },
        "prover_pipeline": {
          "ms": 1.3394582783803344,
          "n": 100,
          "tok_in": 0,
          "tok_out": 0
        },
        "prover_retrieval": {
          "ms": 24.465792579576373,
          "n": 100,
          "tok_in": 0,
          "tok_out": 0
        },
        "prover_setup": {
          "ms": 0.3137915045954287,
          "n": 100,
          "tok_in": 0,
          "tok_out": 0
        },
        "verifier": {
          "ms": 1.2489159707911313,
          "n": 100,
          "tok_in": 0,
          "tok_out": 0
        }
      },
      "tokens_per_claim": 615.72,
      "wall_ms_per_claim": 0.6127979891607538,
      "wall_ms_total": 61.27979891607538
    },
    {
      "backend": "mock-llm",
      "config": "pcg_k2",
      "k": 2,
      "n_examples": 100,
      "phases": {
        "prover_commit_evidence": {
          "ms": 11.71237404923886,
          "n": 200,
          "tok_in": 0,
          "tok_out": 0
        },
        "prover_contract": {
          "ms": 1.2226307881064713,
          "n": 200,
          "tok_in": 0,
          "tok_out": 0
        },
        "prover_llm_gen": {
          "ms": 45.7459936151281,
          "n": 200,
          "tok_in": 115106,
          "tok_out": 8038
        },
        "prover_pipeline": {
          "ms": 2.6712921680882573,
          "n": 200,
          "tok_in": 0,
          "tok_out": 0
        },
        "prover_retrieval": {
          "ms": 47.27075231494382,
          "n": 200,
          "tok_in": 0,
          "tok_out": 0
        },
        "prover_setup": {
          "ms": 0.5843850667588413,
          "n": 200,
          "tok_in": 0,
          "tok_out": 0
        },
        "verifier": {
          "ms": 2.4607459199614823,
          "n": 200,
          "tok_in": 0,
          "tok_out": 0
        }
      },
      "tokens_per_claim": 1231.44,
      "wall_ms_per_claim": 1.1826379812555388,
      "wall_ms_total": 118.26379812555388
    },
    {
      "backend": "mock-llm",
      "config": "pcg_k4",
      "k": 4,
      "n_examples": 100,
      "phases": {
        "prover_commit_evidence": {
          "ms": 24.85683700069785,
          "n": 400,
          "tok_in": 0,
          "tok_out": 0
        },
        "prover_contract": {
          "ms": 2.652038587257266,
          "n": 400,
          "tok_in": 0,
          "tok_out": 0
        },
        "prover_llm_gen": {
          "ms": 96.09910805011168,
          "n": 400,
          "tok_in": 230212,
          "tok_out": 16076
        },
        "prover_pipeline": {
          "ms": 5.630623607430607,
          "n": 400,
          "tok_in": 0,
          "tok_out": 0
        },
        "prover_retrieval": {
          "ms": 95.87394492700696,
          "n": 400,
          "tok_in": 0,
          "tok_out": 0
        },
        "prover_setup": {
          "ms": 1.184406050015241,
          "n": 400,
          "tok_in": 0,
          "tok_out": 0
        },
        "verifier": {
          "ms": 5.185920337680727,
          "n": 400,
          "tok_in": 0,
          "tok_out": 0
        }
      },
      "tokens_per_claim": 2462.88,
      "wall_ms_per_claim": 2.4566912674345076,
      "wall_ms_total": 245.66912674345076
    }
  ],
  "seed": 2
}