{
  "per_combo": [
    {
      "backend": "mock-llm",
      "config": "baseline_no_pcg",
      "k": 1,
      "n_examples": 100,
      "phases": {
        "llm_gen": {
          "ms": 28.46558124292642,
          "n": 100,
          "tok_in": 54557,
          "tok_out": 3904
        }
      },
      "tokens_per_claim": 584.61,
      "wall_ms_per_claim": 0.28609251021407545,
      "wall_ms_total": 28.609251021407545
    },
    {
      "backend": "mock-llm",
      "config": "pcg_k1",
      "k": 1,
      "n_examples": 100,
      "phases": {
        "prover_commit_evidence": {
          "ms": 6.046997965313494,
          "n": 100,
          "tok_in": 0,
          "tok_out": 0
        },
        "prover_contract": {
          "ms": 0.6123347557149827,
          "n": 100,
          "tok_in": 0,
          "tok_out": 0
        },
        "prover_llm_gen": {
          "ms": 24.28250212687999,
          "n": 100,
          "tok_in": 59268,
          "tok_out": 4103
        },
        "prover_pipeline": {
          "ms": 1.3485888484865427,
          "n": 100,
          "tok_in": 0,
          "tok_out": 0
        },
        "prover_retrieval": {
          "ms": 24.1335291066207,
          "n": 100,
          "tok_in": 0,
          "tok_out": 0
        },
        "prover_setup": {
          "ms": 0.30749617144465446,
          "n": 100,
          "tok_in": 0,
          "tok_out": 0
        },
        "verifier": {
          "ms": 1.2312921462580562,
          "n": 100,
          "tok_in": 0,
          "tok_out": 0
        }
      },
      "tokens_per_claim": 633.71,
      "wall_ms_per_claim": 0.6155987177044153,
      "wall_ms_total": 61.55987177044153
    },
    {
      "backend": "mock-llm",
      "config": "pcg_k2",
      "k": 2,
      "n_examples": 100,
      "phases": {
        "prover_commit_evidence": {
          "ms": 11.757326079532504,
          "n": 200,
          "tok_in": 0,
          "tok_out": 0
        },
        "prover_contract": {
          "ms": 1.2174923904240131,
          "n": 200,
          "tok_in": 0,
          "tok_out": 0
        },
        "prover_llm_gen": {
          "ms": 46.950161980930716,
          "n": 200,
          "tok_in": 118536,
          "tok_out": 8206
        },
        "prover_pipeline": {
          "ms": 2.6719625457189977,
          "n": 200,
          "tok_in": 0,
          "tok_out": 0
        },
        "prover_retrieval": {
          "ms": 47.57966456236318,
          "n": 200,
          "tok_in": 0,
          "tok_out": 0
        },
        "prover_setup": {
          "ms": 0.5802539526484907,
          "n": 200,
          "tok_in": 0,
          "tok_out": 0
        },
        "verifier": {
          "ms": 2.432502224110067,
          "n": 200,
          "tok_in": 0,
          "tok_out": 0
        }
      },
      "tokens_per_claim": 1267.42,
      "wall_ms_per_claim": 1.1992946057580411,
      "wall_ms_total": 119.92946057580411
    },
    {
      "backend": "mock-llm",
      "config": "pcg_k4",
      "k": 4,
      "n_examples": 100,
      "phases": {
        "prover_commit_evidence": {
          "ms": 23.159288510214537,
          "n": 400,
          "tok_in": 0,
          "tok_out": 0
        },
        "prover_contract": {
          "ms": 2.464452642016113,
          "n": 400,
          "tok_in": 0,
          "tok_out": 0
        },
        "prover_llm_gen": {
          "ms": 91.83382848277688,
          "n": 400,
          "tok_in": 237072,
          "tok_out": 16412
        },
        "prover_pipeline": {
          "ms": 5.310033448040485,
          "n": 400,
          "tok_in": 0,
          "tok_out": 0
        },
        "prover_retrieval": {
          "ms": 91.01083956193179,
          "n": 400,
          "tok_in": 0,
          "tok_out": 0
        },
        "prover_setup": {
          "ms": 1.1262428597547114,
          "n": 400,
          "tok_in": 0,
          "tok_out": 0
        },
        "verifier": {
          "ms": 4.91012295242399,
          "n": 400,
          "tok_in": 0,
          "tok_out": 0
        }
      },
      "tokens_per_claim": 2534.84,
      "wall_ms_per_claim": 2.325229169218801,
      "wall_ms_total": 232.5229169218801
    }
  ],
  "seed": 3
}