{
  "per_combo": [
    {
      "backend": "mock-llm",
      "config": "baseline_no_pcg",
      "k": 1,
      "n_examples": 100,
      "phases": {
        "llm_gen": {
          "ms": 27.535242727026343,
          "n": 100,
          "tok_in": 53256,
          "tok_out": 3737
        }
      },
      "tokens_per_claim": 569.93,
      "wall_ms_per_claim": 0.2767787978518754,
      "wall_ms_total": 27.677879785187542
    },
    {
      "backend": "mock-llm",
      "config": "pcg_k1",
      "k": 1,
      "n_examples": 100,
      "phases": {
        "prover_commit_evidence": {
          "ms": 5.863699363544583,
          "n": 100,
          "tok_in": 0,
          "tok_out": 0
        },
        "prover_contract": {
          "ms": 0.6019566208124161,
          "n": 100,
          "tok_in": 0,
          "tok_out": 0
        },
        "prover_llm_gen": {
          "ms": 24.732867896091193,
          "n": 100,
          "tok_in": 60515,
          "tok_out": 4010
        },
        "prover_pipeline": {
          "ms": 1.3055799645371735,
          "n": 100,
          "tok_in": 0,
          "tok_out": 0
        },
        "prover_retrieval": {
          "ms": 23.84094923036173,
          "n": 100,
          "tok_in": 0,
          "tok_out": 0
        },
        "prover_setup": {
          "ms": 0.3149069962091744,
          "n": 100,
          "tok_in": 0,
          "tok_out": 0
        },
        "verifier": {
          "ms": 1.2389630428515375,
          "n": 100,
          "tok_in": 0,
          "tok_out": 0
        }
      },
      "tokens_per_claim": 645.25,
      "wall_ms_per_claim": 0.6136708578560501,
      "wall_ms_total": 61.36708578560501
    },
    {
      "backend": "mock-llm",
      "config": "pcg_k2",
      "k": 2,
      "n_examples": 100,
      "phases": {
        "prover_commit_evidence": {
          "ms": 11.41612435458228,
          "n": 200,
          "tok_in": 0,
          "tok_out": 0
        },
        "prover_contract": {
          "ms": 1.2099913437850773,
          "n": 200,
          "tok_in": 0,
          "tok_out": 0
        },
        "prover_llm_gen": {
          "ms": 47.700711467769,
          "n": 200,
          "tok_in": 121030,
          "tok_out": 8020
        },
        "prover_pipeline": {
          "ms": 2.6231580413877964,
          "n": 200,
          "tok_in": 0,
          "tok_out": 0
        },
        "prover_retrieval": {
          "ms": 46.33305489551276,
          "n": 200,
          "tok_in": 0,
          "tok_out": 0
        },
        "prover_setup": {
          "ms": 0.5718317697755992,
          "n": 200,
          "tok_in": 0,
          "tok_out": 0
        },
        "verifier": {
          "ms": 2.477330039255321,
          "n": 200,
          "tok_in": 0,
          "tok_out": 0
        }
      },
      "tokens_per_claim": 1290.5,
      "wall_ms_per_claim": 1.1874250194523484,
      "wall_ms_total": 118.74250194523484
    },
    {
      "backend": "mock-llm",
      "config": "pcg_k4",
      "k": 4,
      "n_examples": 100,
      "phases": {
        "prover_commit_evidence": {
          "ms": 22.64205738902092,
          "n": 400,
          "tok_in": 0,
          "tok_out": 0
        },
        "prover_contract": {
          "ms": 2.464458520989865,
          "n": 400,
          "tok_in": 0,
          "tok_out": 0
        },
        "prover_llm_gen": {
          "ms": 93.45899900654331,
          "n": 400,
          "tok_in": 242060,
          "tok_out": 16040
        },
        "prover_pipeline": {
          "ms": 5.413133359979838,
          "n": 400,
          "tok_in": 0,
          "tok_out": 0
        },
        "prover_retrieval": {
          "ms": 90.11876035947353,
          "n": 400,
          "tok_in": 0,
          "tok_out": 0
        },
        "prover_setup": {
          "ms": 1.1415815679356456,
          "n": 400,
          "tok_in": 0,
          "tok_out": 0
        },
        "verifier": {
          "ms": 4.954210016876459,
          "n": 400,
          "tok_in": 0,
          "tok_out": 0
        }
      },
      "tokens_per_claim": 2581.0,
      "wall_ms_per_claim": 2.324811238795519,
      "wall_ms_total": 232.4811238795519
    }
  ],
  "seed": 1
}