{
  "aggregated": [
    {
      "backend": "mock-llm",
      "config": "baseline_no_pcg",
      "phases": {
        "llm_gen": {
          "ms_mean": 1.4288396399933845,
          "tokens_mean": 597.8333333333334
        }
      },
      "tokens_per_claim_ci": [
        588.25,
        606.8
      ],
      "tokens_per_claim_mean": 597.8333333333334,
      "wall_ms_per_claim_ci": [
        0.3572272078599781,
        3.5609956772532314
      ],
      "wall_ms_per_claim_mean": 1.4313159937349458
    },
    {
      "backend": "mock-llm",
      "config": "pcg_k1",
      "phases": {
        "prover_commit_evidence": {
          "ms_mean": 0.07355628767982125,
          "tokens_mean": 0.0
        },
        "prover_contract": {
          "ms_mean": 0.008715923953180512,
          "tokens_mean": 0.0
        },
        "prover_llm_gen": {
          "ms_mean": 0.3457666840404272,
          "tokens_mean": 660.9333333333334
        },
        "prover_pipeline": {
          "ms_mean": 0.018425763119012117,
          "tokens_mean": 0.0
        },
        "prover_retrieval": {
          "ms_mean": 0.3016659563096861,
          "tokens_mean": 0.0
        },
        "prover_setup": {
          "ms_mean": 0.004116061609238386,
          "tokens_mean": 0.0
        },
        "verifier": {
          "ms_mean": 0.023027115579073627,
          "tokens_mean": 0.0
        }
      },
      "tokens_per_claim_ci": [
        652.35,
        665.85
      ],
      "tokens_per_claim_mean": 660.9333333333334,
      "wall_ms_per_claim_ci": [
        0.6549936428200454,
        0.9204270027112216
      ],
      "wall_ms_per_claim_mean": 0.8291895675938576
    },
    {
      "backend": "mock-llm",
      "config": "pcg_k2",
      "phases": {
        "prover_commit_evidence": {
          "ms_mean": 0.13359230943024158,
          "tokens_mean": 0.0
        },
        "prover_contract": {
          "ms_mean": 0.013619444022576014,
          "tokens_mean": 0.0
        },
        "prover_llm_gen": {
          "ms_mean": 0.5680367350578308,
          "tokens_mean": 1321.8666666666668
        },
        "prover_pipeline": {
          "ms_mean": 0.02884523516210417,
          "tokens_mean": 0.0
        },
        "prover_retrieval": {
          "ms_mean": 0.5392700821782151,
          "tokens_mean": 0.0
        },
        "prover_setup": {
          "ms_mean": 0.006218793957183759,
          "tokens_mean": 0.0
        },
        "verifier": {
          "ms_mean": 0.03379930858500302,
          "tokens_mean": 0.0
        }
      },
      "tokens_per_claim_ci": [
        1304.7,
        1331.7
      ],
      "tokens_per_claim_mean": 1321.8666666666668,
      "wall_ms_per_claim_ci": [
        1.28170819953084,
        1.4846747391857207
      ],
      "wall_ms_per_claim_mean": 1.3980741146951914
    },
    {
      "backend": "mock-llm",
      "config": "pcg_k4",
      "phases": {
        "prover_commit_evidence": {
          "ms_mean": 0.23765203271371624,
          "tokens_mean": 0.0
        },
        "prover_contract": {
          "ms_mean": 0.0251837734443446,
          "tokens_mean": 0.0
        },
        "prover_llm_gen": {
          "ms_mean": 1.0158270713873208,
          "tokens_mean": 2643.7333333333336
        },
        "prover_pipeline": {
          "ms_mean": 0.05389234866015613,
          "tokens_mean": 0.0
        },
        "prover_retrieval": {
          "ms_mean": 0.9587549041801443,
          "tokens_mean": 0.0
        },
        "prover_setup": {
          "ms_mean": 0.011530539874608317,
          "tokens_mean": 0.0
        },
        "verifier": {
          "ms_mean": 0.06056947750039399,
          "tokens_mean": 0.0
        }
      },
      "tokens_per_claim_ci": [
        2609.4,
        2663.4
      ],
      "tokens_per_claim_mean": 2643.7333333333336,
      "wall_ms_per_claim_ci": [
        2.486333396518603,
        2.4994125415105373
      ],
      "wall_ms_per_claim_mean": 2.49438548538213
    }
  ],
  "per_seed": [
    {
      "per_combo": [
        {
          "backend": "mock-llm",
          "config": "baseline_no_pcg",
          "k": 1,
          "n_examples": 20,
          "phases": {
            "llm_gen": {
              "ms": 71.16867031436414,
              "n": 20,
              "tok_in": 11346,
              "tok_out": 790
            }
          },
          "tokens_per_claim": 606.8,
          "wall_ms_per_claim": 3.5609956772532314,
          "wall_ms_total": 71.21991354506463
        },
        {
          "backend": "mock-llm",
          "config": "pcg_k1",
          "k": 1,
          "n_examples": 20,
          "phases": {
            "prover_commit_evidence": {
              "ms": 1.199417980387807,
              "n": 20,
              "tok_in": 0,
              "tok_out": 0
            },
            "prover_contract": {
              "ms": 0.13928976841270924,
              "n": 20,
              "tok_in": 0,
              "tok_out": 0
            },
            "prover_llm_gen": {
              "ms": 5.268750246614218,
              "n": 20,
              "tok_in": 12493,
              "tok_out": 799
            },
            "prover_pipeline": {
              "ms": 0.31641661189496517,
              "n": 20,
              "tok_in": 0,
              "tok_out": 0
            },
            "prover_retrieval": {
              "ms": 5.026583094149828,
              "n": 20,
              "tok_in": 0,
              "tok_out": 0
            },
            "prover_setup": {
              "ms": 0.07175258360803127,
              "n": 20,
              "tok_in": 0,
              "tok_out": 0
            },
            "verifier": {
              "ms": 0.2944599837064743,
              "n": 20,
              "tok_in": 0,
              "tok_out": 0
            }
          },
          "tokens_per_claim": 664.6,
          "wall_ms_per_claim": 0.6549936428200454,
          "wall_ms_total": 13.099872856400907
        },
        {
          "backend": "mock-llm",
          "config": "pcg_k2",
          "k": 2,
          "n_examples": 20,
          "phases": {
            "prover_commit_evidence": {
              "ms": 2.333251410163939,
              "n": 40,
              "tok_in": 0,
              "tok_out": 0
            },
            "prover_contract": {
              "ms": 0.25062263011932373,
              "n": 40,
              "tok_in": 0,
              "tok_out": 0
            },
            "prover_llm_gen": {
              "ms": 10.392579948529601,
              "n": 40,
              "tok_in": 24986,
              "tok_out": 1598
            },
            "prover_pipeline": {
              "ms": 0.5379993235692382,
              "n": 40,
              "tok_in": 0,
              "tok_out": 0
            },
            "prover_retrieval": {
              "ms": 10.036416933871806,
              "n": 40,
              "tok_in": 0,
              "tok_out": 0
            },
            "prover_setup": {
              "ms": 0.11558691039681435,
              "n": 40,
              "tok_in": 0,
              "tok_out": 0
            },
            "verifier": {
              "ms": 0.5940431728959084,
              "n": 40,
              "tok_in": 0,
              "tok_out": 0
            }
          },
          "tokens_per_claim": 1329.2,
          "wall_ms_per_claim": 1.28170819953084,
          "wall_ms_total": 25.6341639906168
        },
        {
          "backend": "mock-llm",
          "config": "pcg_k4",
          "k": 4,
          "n_examples": 20,
          "phases": {
            "prover_commit_evidence": {
              "ms": 4.6454560942947865,
              "n": 80,
              "tok_in": 0,
              "tok_out": 0
            },
            "prover_contract": {
              "ms": 0.5113745573908091,
              "n": 80,
              "tok_in": 0,
              "tok_out": 0
            },
            "prover_llm_gen": {
              "ms": 20.33046237193048,
              "n": 80,
              "tok_in": 49972,