{
  "per_combo": [
    {
      "backend": "mock-llm",
      "config": "baseline_no_pcg",
      "k": 1,
      "n_examples": 20,
      "phases": {
        "llm_gen": {
          "ms": 7.0972510147839785,
          "n": 20,
          "tok_in": 10934,
          "tok_out": 831
        }
      },
      "tokens_per_claim": 588.25,
      "wall_ms_per_claim": 0.3572272078599781,
      "wall_ms_total": 7.144544157199562
    },
    {
      "backend": "mock-llm",
      "config": "pcg_k1",
      "k": 1,
      "n_examples": 20,
      "phases": {
        "prover_commit_evidence": {
          "ms": 1.6171252354979515,
          "n": 20,
          "tok_in": 0,
          "tok_out": 0
        },
        "prover_contract": {
          "ms": 0.17575104720890522,
          "n": 20,
          "tok_in": 0,
          "tok_out": 0
        },
        "prover_llm_gen": {
          "ms": 7.698292494751513,
          "n": 20,
          "tok_in": 12200,
          "tok_out": 847
        },
        "prover_pipeline": {
          "ms": 0.41179428808391094,
          "n": 20,
          "tok_in": 0,
          "tok_out": 0
        },
        "prover_retrieval": {
          "ms": 6.558499066159129,
          "n": 20,
          "tok_in": 0,
          "tok_out": 0
        },
        "prover_setup": {
          "ms": 0.08725107181817293,
          "n": 20,
          "tok_in": 0,
          "tok_out": 0
        },
        "verifier": {
          "ms": 0.5301670171320438,
          "n": 20,
          "tok_in": 0,
          "tok_out": 0
        }
      },
      "tokens_per_claim": 652.35,
      "wall_ms_per_claim": 0.912148057250306,
      "wall_ms_total": 18.24296114500612
    },
    {
      "backend": "mock-llm",
      "config": "pcg_k2",
      "k": 2,
      "n_examples": 20,
      "phases": {
        "prover_commit_evidence": {
          "ms": 2.6742902118712664,
          "n": 40,
          "tok_in": 0,
          "tok_out": 0
        },
        "prover_contract": {
          "ms": 0.2756259636953473,
          "n": 40,
          "tok_in": 0,
          "tok_out": 0
        },
        "prover_llm_gen": {
          "ms": 11.478750151582062,
          "n": 40,
          "tok_in": 24400,
          "tok_out": 1694
        },
        "prover_pipeline": {
          "ms": 0.6036701379343867,
          "n": 40,
          "tok_in": 0,
          "tok_out": 0
        },
        "prover_retrieval": {
          "ms": 11.112789856269956,
          "n": 40,
          "tok_in": 0,
          "tok_out": 0
        },
        "prover_setup": {
          "ms": 0.12962170876562595,
          "n": 40,
          "tok_in": 0,
          "tok_out": 0
        },
        "verifier": {
          "ms": 0.7527940906584263,
          "n": 40,
          "tok_in": 0,
          "tok_out": 0
        }
      },
      "tokens_per_claim": 1304.7,
      "wall_ms_per_claim": 1.4278394053690135,
      "wall_ms_total": 28.55678810738027
    },
    {
      "backend": "mock-llm",
      "config": "pcg_k4",
      "k": 4,
      "n_examples": 20,
      "phases": {
        "prover_commit_evidence": {
          "ms": 4.827750730328262,
          "n": 80,
          "tok_in": 0,
          "tok_out": 0
        },
        "prover_contract": {
          "ms": 0.5035777576267719,
          "n": 80,
          "tok_in": 0,
          "tok_out": 0
        },
        "prover_llm_gen": {
          "ms": 20.20653849467635,
          "n": 80,
          "tok_in": 48800,
          "tok_out": 3388
        },
        "prover_pipeline": {
          "ms": 1.1196198174729943,
          "n": 80,
          "tok_in": 0,
          "tok_out": 0
        },
        "prover_retrieval": {
          "ms": 19.151540589518845,
          "n": 80,
          "tok_in": 0,
          "tok_out": 0
        },
        "prover_setup": {
          "ms": 0.22715656086802483,
          "n": 80,
          "tok_in": 0,
          "tok_out": 0
        },
        "verifier": {
          "ms": 1.2866688193753362,
          "n": 80,
          "tok_in": 0,
          "tok_out": 0
        }
      },
      "tokens_per_claim": 2609.4,
      "wall_ms_per_claim": 2.4994125415105373,
      "wall_ms_total": 49.988250830210745
    }
  ],
  "seed": 2
}