{
  "per_combo": [
    {
      "backend": "mock-llm",
      "config": "baseline_no_pcg",
      "k": 1,
      "n_examples": 20,
      "phases": {
        "llm_gen": {
          "ms": 7.464457070454955,
          "n": 20,
          "tok_in": 11115,
          "tok_out": 854
        }
      },
      "tokens_per_claim": 598.45,
      "wall_ms_per_claim": 0.3757250960916281,
      "wall_ms_total": 7.5145019218325615
    },
    {
      "backend": "mock-llm",
      "config": "pcg_k1",
      "k": 1,
      "n_examples": 20,
      "phases": {
        "prover_commit_evidence": {
          "ms": 1.5968340449035168,
          "n": 20,
          "tok_in": 0,
          "tok_out": 0
        },
        "prover_contract": {
          "ms": 0.20791462156921625,
          "n": 20,
          "tok_in": 0,
          "tok_out": 0
        },
        "prover_llm_gen": {
          "ms": 7.778958301059902,
          "n": 20,
          "tok_in": 12586,
          "tok_out": 731
        },
        "prover_pipeline": {
          "ms": 0.37733488716185093,
          "n": 20,
          "tok_in": 0,
          "tok_out": 0
        },
        "prover_retrieval": {
          "ms": 6.514875218272209,
          "n": 20,
          "tok_in": 0,
          "tok_out": 0
        },
        "prover_setup": {
          "ms": 0.08796004112809896,
          "n": 20,
          "tok_in": 0,
          "tok_out": 0
        },
        "verifier": {
          "ms": 0.5569999339058995,
          "n": 20,
          "tok_in": 0,
          "tok_out": 0
        }
      },
      "tokens_per_claim": 665.85,
      "wall_ms_per_claim": 0.9204270027112216,
      "wall_ms_total": 18.40854005422443
    },
    {
      "backend": "mock-llm",
      "config": "pcg_k2",
      "k": 2,
      "n_examples": 20,
      "phases": {
        "prover_commit_evidence": {
          "ms": 3.0079969437792897,
          "n": 40,
          "tok_in": 0,
          "tok_out": 0
        },
        "prover_contract": {
          "ms": 0.2909180475398898,
          "n": 40,
          "tok_in": 0,
          "tok_out": 0
        },
        "prover_llm_gen": {
          "ms": 12.210874003358185,
          "n": 40,
          "tok_in": 25172,
          "tok_out": 1462
        },
        "prover_pipeline": {
          "ms": 0.5890446482226253,
          "n": 40,
          "tok_in": 0,
          "tok_out": 0
        },
        "prover_retrieval": {
          "ms": 11.20699814055115,
          "n": 40,
          "tok_in": 0,
          "tok_out": 0
        },
        "prover_setup": {
          "ms": 0.1279190182685852,
          "n": 40,
          "tok_in": 0,
          "tok_out": 0
        },
        "verifier": {
          "ms": 0.6811212515458465,
          "n": 40,
          "tok_in": 0,
          "tok_out": 0
        }
      },
      "tokens_per_claim": 1331.7,
      "wall_ms_per_claim": 1.4846747391857207,
      "wall_ms_total": 29.693494783714414
    },
    {
      "backend": "mock-llm",
      "config": "pcg_k4",
      "k": 4,
      "n_examples": 20,
      "phases": {
        "prover_commit_evidence": {
          "ms": 4.785915138199925,
          "n": 80,
          "tok_in": 0,
          "tok_out": 0
        },
        "prover_contract": {
          "ms": 0.496074091643095,
          "n": 80,
          "tok_in": 0,
          "tok_out": 0
        },
        "prover_llm_gen": {
          "ms": 20.412623416632414,
          "n": 80,
          "tok_in": 50344,
          "tok_out": 2924
        },
        "prover_pipeline": {
          "ms": 1.035046298056841,
          "n": 80,
          "tok_in": 0,
          "tok_out": 0
        },
        "prover_retrieval": {
          "ms": 19.230087636969984,
          "n": 80,
          "tok_in": 0,
          "tok_out": 0
        },
        "prover_setup": {
          "ms": 0.22904330398887396,
          "n": 80,
          "tok_in": 0,
          "tok_out": 0
        },
        "verifier": {
          "ms": 1.1944154975935817,
          "n": 80,
          "tok_in": 0,
          "tok_out": 0
        }
      },
      "tokens_per_claim": 2663.4,
      "wall_ms_per_claim": 2.497410518117249,
      "wall_ms_total": 49.94821036234498
    }
  ],
  "seed": 1
}