{
  "per_combo": [
    {
      "backend": "mock-llm",
      "config": "baseline_no_pcg",
      "k": 1,
      "n_examples": 20,
      "phases": {
        "llm_gen": {
          "ms": 71.16867031436414,
          "n": 20,
          "tok_in": 11346,
          "tok_out": 790
        }
      },
      "tokens_per_claim": 606.8,
      "wall_ms_per_claim": 3.5609956772532314,
      "wall_ms_total": 71.21991354506463
    },
    {
      "backend": "mock-llm",
      "config": "pcg_k1",
      "k": 1,
      "n_examples": 20,
      "phases": {
        "prover_commit_evidence": {
          "ms": 1.199417980387807,
          "n": 20,
          "tok_in": 0,
          "tok_out": 0
        },
        "prover_contract": {
          "ms": 0.13928976841270924,
          "n": 20,
          "tok_in": 0,
          "tok_out": 0
        },
        "prover_llm_gen": {
          "ms": 5.268750246614218,
          "n": 20,
          "tok_in": 12493,
          "tok_out": 799
        },
        "prover_pipeline": {
          "ms": 0.31641661189496517,
          "n": 20,
          "tok_in": 0,
          "tok_out": 0
        },
        "prover_retrieval": {
          "ms": 5.026583094149828,
          "n": 20,
          "tok_in": 0,
          "tok_out": 0
        },
        "prover_setup": {
          "ms": 0.07175258360803127,
          "n": 20,
          "tok_in": 0,
          "tok_out": 0
        },
        "verifier": {
          "ms": 0.2944599837064743,
          "n": 20,
          "tok_in": 0,
          "tok_out": 0
        }
      },
      "tokens_per_claim": 664.6,
      "wall_ms_per_claim": 0.6549936428200454,
      "wall_ms_total": 13.099872856400907
    },
    {
      "backend": "mock-llm",
      "config": "pcg_k2",
      "k": 2,
      "n_examples": 20,
      "phases": {
        "prover_commit_evidence": {
          "ms": 2.333251410163939,
          "n": 40,
          "tok_in": 0,
          "tok_out": 0
        },
        "prover_contract": {
          "ms": 0.25062263011932373,
          "n": 40,
          "tok_in": 0,
          "tok_out": 0
        },
        "prover_llm_gen": {
          "ms": 10.392579948529601,
          "n": 40,
          "tok_in": 24986,
          "tok_out": 1598
        },
        "prover_pipeline": {
          "ms": 0.5379993235692382,
          "n": 40,
          "tok_in": 0,
          "tok_out": 0
        },
        "prover_retrieval": {
          "ms": 10.036416933871806,
          "n": 40,
          "tok_in": 0,
          "tok_out": 0
        },
        "prover_setup": {
          "ms": 0.11558691039681435,
          "n": 40,
          "tok_in": 0,
          "tok_out": 0
        },
        "verifier": {
          "ms": 0.5940431728959084,
          "n": 40,
          "tok_in": 0,
          "tok_out": 0
        }
      },
      "tokens_per_claim": 1329.2,
      "wall_ms_per_claim": 1.28170819953084,
      "wall_ms_total": 25.6341639906168
    },
    {
      "backend": "mock-llm",
      "config": "pcg_k4",
      "k": 4,
      "n_examples": 20,
      "phases": {
        "prover_commit_evidence": {
          "ms": 4.6454560942947865,
          "n": 80,
          "tok_in": 0,
          "tok_out": 0
        },
        "prover_contract": {
          "ms": 0.5113745573908091,
          "n": 80,
          "tok_in": 0,
          "tok_out": 0
        },
        "prover_llm_gen": {
          "ms": 20.33046237193048,
          "n": 80,
          "tok_in": 49972,
          "tok_out": 3196
        },
        "prover_pipeline": {
          "ms": 1.0788748040795326,
          "n": 80,
          "tok_in": 0,
          "tok_out": 0
        },
        "prover_retrieval": {
          "ms": 19.143666024319828,
          "n": 80,
          "tok_in": 0,
          "tok_out": 0
        },
        "prover_setup": {
          "ms": 0.2356325276196003,
          "n": 80,
          "tok_in": 0,
          "tok_out": 0
        },
        "verifier": {
          "ms": 1.1530843330547214,
          "n": 80,
          "tok_in": 0,
          "tok_out": 0
        }
      },
      "tokens_per_claim": 2658.4,
      "wall_ms_per_claim": 2.486333396518603,
      "wall_ms_total": 49.72666793037206
    }
  ],
  "seed": 0
}