{
  "aggregated": [
    {
      "backend": "mock-llm",
      "config": "baseline_no_pcg",
      "phases": {
        "llm_gen": {
          "ms_mean": 1.3689874943035345,
          "tokens_mean": 597.8333333333334
        }
      },
      "tokens_per_claim_ci": [
        588.25,
        606.8
      ],
      "tokens_per_claim_mean": 597.8333333333334,
      "wall_ms_per_claim_ci": [
        0.3491770359687507,
        3.3961103472393006
      ],
      "wall_ms_per_claim_mean": 1.3712604277922462
    },
    {
      "backend": "mock-llm",
      "config": "pcg_k1",
      "phases": {
        "prover_commit_evidence": {
          "ms_mean": 0.07388688003023465,
          "tokens_mean": 0.0
        },
        "prover_contract": {
          "ms_mean": 0.007716083200648427,
          "tokens_mean": 0.0
        },
        "prover_llm_gen": {
          "ms_mean": 0.3258902191494902,
          "tokens_mean": 660.9333333333334
        },
        "prover_pipeline": {
          "ms_mean": 0.01722008843595783,
          "tokens_mean": 0.0
        },
        "prover_retrieval": {
          "ms_mean": 0.30322783277370036,
          "tokens_mean": 0.0
        },
        "prover_setup": {
          "ms_mean": 0.004087458364665508,
          "tokens_mean": 0.0
        },
        "verifier": {
          "ms_mean": 0.01823749820080896,
          "tokens_mean": 0.0
        }
      },
      "tokens_per_claim_ci": [
        652.35,
        665.85
      ],
      "tokens_per_claim_mean": 660.9333333333334,
      "wall_ms_per_claim_ci": [
        0.6568229931872338,
        0.8688335190527141
      ],
      "wall_ms_per_claim_mean": 0.7974847375104824
    },
    {
      "backend": "mock-llm",
      "config": "pcg_k2",
      "phases": {
        "prover_commit_evidence": {
          "ms_mean": 0.12961324343147376,
          "tokens_mean": 0.0
        },
        "prover_contract": {
          "ms_mean": 0.013388916462038955,
          "tokens_mean": 0.0
        },
        "prover_llm_gen": {
          "ms_mean": 0.5489347696614763,
          "tokens_mean": 1321.8666666666668
        },
        "prover_pipeline": {
          "ms_mean": 0.02907289502521356,
          "tokens_mean": 0.0
        },
        "prover_retrieval": {
          "ms_mean": 0.5316589958965778,
          "tokens_mean": 0.0
        },
        "prover_setup": {
          "ms_mean": 0.006445025792345405,
          "tokens_mean": 0.0
        },
        "verifier": {
          "ms_mean": 0.034348525029296674,
          "tokens_mean": 0.0
        }
      },
      "tokens_per_claim_ci": [
        1304.7,
        1331.7
      ],
      "tokens_per_claim_mean": 1321.8666666666668,
      "wall_ms_per_claim_ci": [
        1.2432082381565124,
        1.4320709451567382
      ],
      "wall_ms_per_claim_mean": 1.368685410125181
    },
    {
      "backend": "mock-llm",
      "config": "pcg_k4",
      "phases": {
        "prover_commit_evidence": {
          "ms_mean": 0.2369754908916851,
          "tokens_mean": 0.0
        },
        "prover_contract": {
          "ms_mean": 0.024443034393091995,
          "tokens_mean": 0.0
        },
        "prover_llm_gen": {
          "ms_mean": 1.0051314117542158,
          "tokens_mean": 2643.7333333333336
        },
        "prover_pipeline": {
          "ms_mean": 0.05268606279666225,
          "tokens_mean": 0.0
        },
        "prover_retrieval": {
          "ms_mean": 0.9445526908772687,
          "tokens_mean": 0.0
        },
        "prover_setup": {
          "ms_mean": 0.011577528979008397,
          "tokens_mean": 0.0
        },
        "verifier": {
          "ms_mean": 0.057837487353632845,
          "tokens_mean": 0.0
        }
      },
      "tokens_per_claim_ci": [
        2609.4,
        2663.4
      ],
      "tokens_per_claim_mean": 2643.7333333333336,
      "wall_ms_per_claim_ci": [
        2.452987350989133,
        2.4789792427327484
      ],
      "wall_ms_per_claim_mean": 2.466481264370183
    }
  ],
  "per_seed": [
    {
      "per_combo": [
        {
          "backend": "mock-llm",
          "config": "baseline_no_pcg",
          "k": 1,
          "n_examples": 20,
          "phases": {
            "llm_gen": {
              "ms": 67.87179317325354,
              "n": 20,
              "tok_in": 11346,
              "tok_out": 790
            }
          },
          "tokens_per_claim": 606.8,
          "wall_ms_per_claim": 3.3961103472393006,
          "wall_ms_total": 67.92220694478601
        },
        {
          "backend": "mock-llm",
          "config": "pcg_k1",
          "k": 1,
          "n_examples": 20,
          "phases": {
            "prover_commit_evidence": {
              "ms": 1.2004997115582228,
              "n": 20,
              "tok_in": 0,
              "tok_out": 0
            },
            "prover_contract": {
              "ms": 0.13029202818870544,
              "n": 20,
              "tok_in": 0,
              "tok_out": 0
            },
            "prover_llm_gen": {
              "ms": 5.3750789957121015,
              "n": 20,
              "tok_in": 12493,
              "tok_out": 799
            },
            "prover_pipeline": {
              "ms": 0.30674971640110016,
              "n": 20,
              "tok_in": 0,
              "tok_out": 0
            },
            "prover_retrieval": {
              "ms": 4.984461003914475,
              "n": 20,
              "tok_in": 0,
              "tok_out": 0
            },
            "prover_setup": {
              "ms": 0.07049692794680595,
              "n": 20,
              "tok_in": 0,
              "tok_out": 0
            },
            "verifier": {
              "ms": 0.2925019944086671,
              "n": 20,
              "tok_in": 0,
              "tok_out": 0
            }
          },
          "tokens_per_claim": 664.6,
          "wall_ms_per_claim": 0.6568229931872338,
          "wall_ms_total": 13.136459863744676
        },
        {
          "backend": "mock-llm",
          "config": "pcg_k2",
          "k": 2,
          "n_examples": 20,
          "phases": {
            "prover_commit_evidence": {
              "ms": 2.296666498295963,
              "n": 40,
              "tok_in": 0,
              "tok_out": 0
            },
            "prover_contract": {
              "ms": 0.2472071209922433,
              "n": 40,
              "tok_in": 0,
              "tok_out": 0
            },
            "prover_llm_gen": {
              "ms": 10.074333869852126,
              "n": 40,
              "tok_in": 24986,
              "tok_out": 1598
            },
            "prover_pipeline": {
              "ms": 0.5204982589930296,
              "n": 40,
              "tok_in": 0,
              "tok_out": 0
            },
            "prover_retrieval": {
              "ms": 9.70779312774539,
              "n": 40,
              "tok_in": 0,
              "tok_out": 0
            },
            "prover_setup": {
              "ms": 0.11603429447859526,
              "n": 40,
              "tok_in": 0,
              "tok_out": 0
            },
            "verifier": {
              "ms": 0.5525392480194569,
              "n": 40,
              "tok_in": 0,
              "tok_out": 0
            }
          },
          "tokens_per_claim": 1329.2,
          "wall_ms_per_claim": 1.2432082381565124,
          "wall_ms_total": 24.864164763130248
        },
        {
          "backend": "mock-llm",
          "config": "pcg_k4",
          "k": 4,
          "n_examples": 20,
          "phases": {
            "prover_commit_evidence": {
              "ms": 4.676244803704321,
              "n": 80,
              "tok_in": 0,
              "tok_out": 0
            },
            "prover_contract": {
              "ms": 0.4941656952723861,
              "n": 80,
              "tok_in": 0,
              "tok_out": 0
            },
            "prover_llm_gen": {
              "ms": 20.516041666269302,
              "n": 80,
              "tok_in": 49972,