{
  "per_combo": [
    {
      "backend": "mock-llm",
      "config": "baseline_no_pcg",
      "k": 1,
      "n_examples": 20,
      "phases": {
        "llm_gen": {
          "ms": 6.940916762687266,
          "n": 20,
          "tok_in": 10934,
          "tok_out": 831
        }
      },
      "tokens_per_claim": 588.25,
      "wall_ms_per_claim": 0.3491770359687507,
      "wall_ms_total": 6.983540719375014
    },
    {
      "backend": "mock-llm",
      "config": "pcg_k1",
      "k": 1,
      "n_examples": 20,
      "phases": {
        "prover_commit_evidence": {
          "ms": 1.6451679402962327,
          "n": 20,
          "tok_in": 0,
          "tok_out": 0
        },
        "prover_contract": {
          "ms": 0.16725307796150446,
          "n": 20,
          "tok_in": 0,
          "tok_out": 0
        },
        "prover_llm_gen": {
          "ms": 7.076335255987942,
          "n": 20,
          "tok_in": 12200,
          "tok_out": 847
        },
        "prover_pipeline": {
          "ms": 0.3743330016732216,
          "n": 20,
          "tok_in": 0,
          "tok_out": 0
        },
        "prover_retrieval": {
          "ms": 6.565291900187731,
          "n": 20,
          "tok_in": 0,
          "tok_out": 0
        },
        "prover_setup": {
          "ms": 0.0886258203536272,
          "n": 20,
          "tok_in": 0,
          "tok_out": 0
        },
        "verifier": {
          "ms": 0.4175391513854265,
          "n": 20,
          "tok_in": 0,
          "tok_out": 0
        }
      },
      "tokens_per_claim": 652.35,
      "wall_ms_per_claim": 0.8688335190527141,
      "wall_ms_total": 17.376670381054282
    },
    {
      "backend": "mock-llm",
      "config": "pcg_k2",
      "k": 2,
      "n_examples": 20,
      "phases": {
        "prover_commit_evidence": {
          "ms": 2.777626854367554,
          "n": 40,
          "tok_in": 0,
          "tok_out": 0
        },
        "prover_contract": {
          "ms": 0.27566717471927404,
          "n": 40,
          "tok_in": 0,
          "tok_out": 0
        },
        "prover_llm_gen": {
          "ms": 11.34912553243339,
          "n": 40,
          "tok_in": 24400,
          "tok_out": 1694
        },
        "prover_pipeline": {
          "ms": 0.6287926807999611,
          "n": 40,
          "tok_in": 0,
          "tok_out": 0
        },
        "prover_retrieval": {
          "ms": 10.998621699400246,
          "n": 40,
          "tok_in": 0,
          "tok_out": 0
        },
        "prover_setup": {
          "ms": 0.13666797894984484,
          "n": 40,
          "tok_in": 0,
          "tok_out": 0
        },
        "verifier": {
          "ms": 0.8607467170804739,
          "n": 40,
          "tok_in": 0,
          "tok_out": 0
        }
      },
      "tokens_per_claim": 1304.7,
      "wall_ms_per_claim": 1.4307770470622927,
      "wall_ms_total": 28.615540941245854
    },
    {
      "backend": "mock-llm",
      "config": "pcg_k4",
      "k": 4,
      "n_examples": 20,
      "phases": {
        "prover_commit_evidence": {
          "ms": 4.789581871591508,
          "n": 80,
          "tok_in": 0,
          "tok_out": 0
        },
        "prover_contract": {
          "ms": 0.4892515717074275,
          "n": 80,
          "tok_in": 0,
          "tok_out": 0
        },
        "prover_llm_gen": {
          "ms": 19.716797163709998,
          "n": 80,
          "tok_in": 48800,
          "tok_out": 3388
        },
        "prover_pipeline": {
          "ms": 1.0906673269346356,
          "n": 80,
          "tok_in": 0,
          "tok_out": 0
        },
        "prover_retrieval": {
          "ms": 18.873122753575444,
          "n": 80,
          "tok_in": 0,
          "tok_out": 0
        },
        "prover_setup": {
          "ms": 0.2314513549208641,
          "n": 80,
          "tok_in": 0,
          "tok_out": 0
        },
        "verifier": {
          "ms": 1.232748618349433,
          "n": 80,
          "tok_in": 0,
          "tok_out": 0
        }
      },
      "tokens_per_claim": 2609.4,
      "wall_ms_per_claim": 2.452987350989133,
      "wall_ms_total": 49.05974701978266
    }
  ],
  "seed": 2
}