{
  "per_combo": [
    {
      "backend": "mock-llm",
      "config": "baseline_no_pcg",
      "k": 1,
      "n_examples": 20,
      "phases": {
        "llm_gen": {
          "ms": 67.87179317325354,
          "n": 20,
          "tok_in": 11346,
          "tok_out": 790
        }
      },
      "tokens_per_claim": 606.8,
      "wall_ms_per_claim": 3.3961103472393006,
      "wall_ms_total": 67.92220694478601
    },
    {
      "backend": "mock-llm",
      "config": "pcg_k1",
      "k": 1,
      "n_examples": 20,
      "phases": {
        "prover_commit_evidence": {
          "ms": 1.2004997115582228,
          "n": 20,
          "tok_in": 0,
          "tok_out": 0
        },
        "prover_contract": {
          "ms": 0.13029202818870544,
          "n": 20,
          "tok_in": 0,
          "tok_out": 0
        },
        "prover_llm_gen": {
          "ms": 5.3750789957121015,
          "n": 20,
          "tok_in": 12493,
          "tok_out": 799
        },
        "prover_pipeline": {
          "ms": 0.30674971640110016,
          "n": 20,
          "tok_in": 0,
          "tok_out": 0
        },
        "prover_retrieval": {
          "ms": 4.984461003914475,
          "n": 20,
          "tok_in": 0,
          "tok_out": 0
        },
        "prover_setup": {
          "ms": 0.07049692794680595,
          "n": 20,
          "tok_in": 0,
          "tok_out": 0
        },
        "verifier": {
          "ms": 0.2925019944086671,
          "n": 20,
          "tok_in": 0,
          "tok_out": 0
        }
      },
      "tokens_per_claim": 664.6,
      "wall_ms_per_claim": 0.6568229931872338,
      "wall_ms_total": 13.136459863744676
    },
    {
      "backend": "mock-llm",
      "config": "pcg_k2",
      "k": 2,
      "n_examples": 20,
      "phases": {
        "prover_commit_evidence": {
          "ms": 2.296666498295963,
          "n": 40,
          "tok_in": 0,
          "tok_out": 0
        },
        "prover_contract": {
          "ms": 0.2472071209922433,
          "n": 40,
          "tok_in": 0,
          "tok_out": 0
        },
        "prover_llm_gen": {
          "ms": 10.074333869852126,
          "n": 40,
          "tok_in": 24986,
          "tok_out": 1598
        },
        "prover_pipeline": {
          "ms": 0.5204982589930296,
          "n": 40,
          "tok_in": 0,
          "tok_out": 0
        },
        "prover_retrieval": {
          "ms": 9.70779312774539,
          "n": 40,
          "tok_in": 0,
          "tok_out": 0
        },
        "prover_setup": {
          "ms": 0.11603429447859526,
          "n": 40,
          "tok_in": 0,
          "tok_out": 0
        },
        "verifier": {
          "ms": 0.5525392480194569,
          "n": 40,
          "tok_in": 0,
          "tok_out": 0
        }
      },
      "tokens_per_claim": 1329.2,
      "wall_ms_per_claim": 1.2432082381565124,
      "wall_ms_total": 24.864164763130248
    },
    {
      "backend": "mock-llm",
      "config": "pcg_k4",
      "k": 4,
      "n_examples": 20,
      "phases": {
        "prover_commit_evidence": {
          "ms": 4.676244803704321,
          "n": 80,
          "tok_in": 0,
          "tok_out": 0
        },
        "prover_contract": {
          "ms": 0.4941656952723861,
          "n": 80,
          "tok_in": 0,
          "tok_out": 0
        },
        "prover_llm_gen": {
          "ms": 20.516041666269302,
          "n": 80,
          "tok_in": 49972,
          "tok_out": 3196
        },
        "prover_pipeline": {
          "ms": 1.035619992762804,
          "n": 80,
          "tok_in": 0,
          "tok_out": 0
        },
        "prover_retrieval": {
          "ms": 18.76674999948591,
          "n": 80,
          "tok_in": 0,
          "tok_out": 0
        },
        "prover_setup": {
          "ms": 0.2324968809261918,
          "n": 80,
          "tok_in": 0,
          "tok_out": 0
        },
        "verifier": {
          "ms": 1.0940019274130464,
          "n": 80,
          "tok_in": 0,
          "tok_out": 0
        }
      },
      "tokens_per_claim": 2658.4,
      "wall_ms_per_claim": 2.4789792427327484,
      "wall_ms_total": 49.57958485465497
    }
  ],
  "seed": 0
}