{
  "per_combo": [
    {
      "backend": "mock-llm",
      "config": "baseline_no_pcg",
      "k": 1,
      "n_examples": 20,
      "phases": {
        "llm_gen": {
          "ms": 7.326539722271264,
          "n": 20,
          "tok_in": 11115,
          "tok_out": 854
        }
      },
      "tokens_per_claim": 598.45,
      "wall_ms_per_claim": 0.3684939001686871,
      "wall_ms_total": 7.369878003373742
    },
    {
      "backend": "mock-llm",
      "config": "pcg_k1",
      "k": 1,
      "n_examples": 20,
      "phases": {
        "prover_commit_evidence": {
          "ms": 1.5875451499596238,
          "n": 20,
          "tok_in": 0,
          "tok_out": 0
        },
        "prover_contract": {
          "ms": 0.16541988588869572,
          "n": 20,
          "tok_in": 0,
          "tok_out": 0
        },
        "prover_llm_gen": {
          "ms": 7.101998897269368,
          "n": 20,
          "tok_in": 12586,
          "tok_out": 731
        },
        "prover_pipeline": {
          "ms": 0.352122588083148,
          "n": 20,
          "tok_in": 0,
          "tok_out": 0
        },
        "prover_retrieval": {
          "ms": 6.643917062319815,
          "n": 20,
          "tok_in": 0,
          "tok_out": 0
        },
        "prover_setup": {
          "ms": 0.08612475357949734,
          "n": 20,
          "tok_in": 0,
          "tok_out": 0
        },
        "verifier": {
          "ms": 0.3842087462544441,
          "n": 20,
          "tok_in": 0,
          "tok_out": 0
        }
      },
      "tokens_per_claim": 665.85,
      "wall_ms_per_claim": 0.8667977002914995,
      "wall_ms_total": 17.33595400582999
    },
    {
      "backend": "mock-llm",
      "config": "pcg_k2",
      "k": 2,
      "n_examples": 20,
      "phases": {
        "prover_commit_evidence": {
          "ms": 2.7025012532249093,
          "n": 40,
          "tok_in": 0,
          "tok_out": 0
        },
        "prover_contract": {
          "ms": 0.2804606920108199,
          "n": 40,
          "tok_in": 0,
          "tok_out": 0
        },
        "prover_llm_gen": {
          "ms": 11.512626777403057,
          "n": 40,
          "tok_in": 25172,
          "tok_out": 1462
        },
        "prover_pipeline": {
          "ms": 0.5950827617198229,
          "n": 40,
          "tok_in": 0,
          "tok_out": 0
        },
        "prover_retrieval": {
          "ms": 11.193124926649034,
          "n": 40,
          "tok_in": 0,
          "tok_out": 0
        },
        "prover_setup": {
          "ms": 0.13399927411228418,
          "n": 40,
          "tok_in": 0,
          "tok_out": 0
        },
        "verifier": {
          "ms": 0.6476255366578698,
          "n": 40,
          "tok_in": 0,
          "tok_out": 0
        }
      },
      "tokens_per_claim": 1331.7,
      "wall_ms_per_claim": 1.4320709451567382,
      "wall_ms_total": 28.641418903134763
    },
    {
      "backend": "mock-llm",
      "config": "pcg_k4",
      "k": 4,
      "n_examples": 20,
      "phases": {
        "prover_commit_evidence": {
          "ms": 4.7527027782052755,
          "n": 80,
          "tok_in": 0,
          "tok_out": 0
        },
        "prover_contract": {
          "ms": 0.4831647966057062,
          "n": 80,
          "tok_in": 0,
          "tok_out": 0
        },
        "prover_llm_gen": {
          "ms": 20.075045875273645,
          "n": 80,
          "tok_in": 50344,
          "tok_out": 2924
        },
        "prover_pipeline": {
          "ms": 1.0348764481022954,
          "n": 80,
          "tok_in": 0,
          "tok_out": 0
        },
        "prover_retrieval": {
          "ms": 19.03328869957477,
          "n": 80,
          "tok_in": 0,
          "tok_out": 0
        },
        "prover_setup": {
          "ms": 0.23070350289344788,
          "n": 80,
          "tok_in": 0,
          "tok_out": 0
        },
        "verifier": {
          "ms": 1.1434986954554915,
          "n": 80,
          "tok_in": 0,
          "tok_out": 0
        }
      },
      "tokens_per_claim": 2663.4,
      "wall_ms_per_claim": 2.467477199388668,
      "wall_ms_total": 49.34954398777336
    }
  ],
  "seed": 1
}